url,lastmod
https://worthcalc.win/,2026-09-06T00:00:00.000Z
https://worthcalc.win/en/about/,2026-09-15T00:00:00.000Z
https://worthcalc.win/en/annual-fee-card-breakeven/,2026-09-15T00:00:00.000Z
https://worthcalc.win/en/annual-vs-monthly-billing/,2026-07-20T00:00:00.000Z
https://worthcalc.win/en/apr-vs-apy/,2026-08-29T00:00:00.000Z
https://worthcalc.win/en/average-commuting-cost/,2026-08-07T00:00:00.000Z
https://worthcalc.win/en/bnpl-vs-credit-card-installments/,2026-09-15T00:00:00.000Z
https://worthcalc.win/en/budget-with-irregular-income/,2026-07-31T00:00:00.000Z
https://worthcalc.win/en/bulk-buying-vs-small-packages/,2026-09-15T00:00:00.000Z
https://worthcalc.win/en/bulk-buying-waste-math/,2026-07-19T00:00:00.000Z
https://worthcalc.win/en/car-lease-vs-buy-total-cost/,2026-09-15T00:00:00.000Z
https://worthcalc.win/en/cashback-caps-real-reward-rate/,2026-09-15T00:00:00.000Z
https://worthcalc.win/en/changelog/,2026-07-19T00:00:00.000Z
https://worthcalc.win/en/contact/,2026-08-16T00:00:00.000Z
https://worthcalc.win/en/costco-math/,2026-09-22T00:00:00.000Z
https://worthcalc.win/en/credit-card-minimum-payment-trap/,2026-07-31T00:00:00.000Z
https://worthcalc.win/en/delivery-membership-break-even/,2026-09-15T00:00:00.000Z
https://worthcalc.win/en/disclaimer/,2026-07-19T00:00:00.000Z
https://worthcalc.win/en/emergency-fund-irregular-income/,2026-08-29T00:00:00.000Z
https://worthcalc.win/en/energy-efficient-appliance-payback/,2026-09-15T00:00:00.000Z
https://worthcalc.win/en/ev-vs-gas-total-cost/,2026-09-15T00:00:00.000Z
https://worthcalc.win/en/extended-warranty-math/,2026-07-21T00:00:00.000Z
https://worthcalc.win/en/extra-mortgage-payments-guide/,2026-07-31T00:00:00.000Z
https://worthcalc.win/en/full-commute-cost-including-time/,2026-09-15T00:00:00.000Z
https://worthcalc.win/en/guides/,2026-09-06T00:00:00.000Z
https://worthcalc.win/en/gym-membership-cost-per-visit/,2026-09-15T00:00:00.000Z
https://worthcalc.win/en/home-vs-public-ev-charging-cost/,2026-09-15T00:00:00.000Z
https://worthcalc.win/en/hourly-vs-annual-salary/,2026-07-31T00:00:00.000Z
https://worthcalc.win/en/how-compound-growth-works/,2026-07-31T00:00:00.000Z
https://worthcalc.win/en/how-to-calculate-dti/,2026-07-31T00:00:00.000Z
https://worthcalc.win/en/is-an-extended-warranty-worth-it/,2026-09-15T00:00:00.000Z
https://worthcalc.win/en/is-costco-executive-membership-worth-it/,2026-09-22T00:00:00.000Z
https://worthcalc.win/en/loan-term-monthly-payment-vs-total-interest/,2026-08-29T00:00:00.000Z
https://worthcalc.win/en/money/,2026-09-18T00:00:00.000Z
https://worthcalc.win/en/money/credit-card-apr-2026/,2026-09-18T00:00:00.000Z
https://worthcalc.win/en/money/electricity-price-per-kwh-2026/,2026-09-18T00:00:00.000Z
https://worthcalc.win/en/money/idle-cash-cost-2026/,2026-09-18T00:00:00.000Z
https://worthcalc.win/en/money/insurance-deductible-break-even/,2026-09-18T00:00:00.000Z
https://worthcalc.win/en/money/irs-mileage-rate-2026/,2026-09-18T00:00:00.000Z
https://worthcalc.win/en/money/mortgage-rate-2026-payment-impact/,2026-09-18T00:00:00.000Z
https://worthcalc.win/en/money/streaming-prices-2026/,2026-09-18T00:00:00.000Z
https://worthcalc.win/en/monthly-vs-annual-subscription/,2026-09-15T00:00:00.000Z
https://worthcalc.win/en/net-worth-vs-liquid-net-worth/,2026-08-29T00:00:00.000Z
https://worthcalc.win/en/new-vs-used-car-total-cost/,2026-09-15T00:00:00.000Z
https://worthcalc.win/en/paid-membership-break-even/,2026-09-15T00:00:00.000Z
https://worthcalc.win/en/pay-raise-vs-inflation-purchasing-power/,2026-09-15T00:00:00.000Z
https://worthcalc.win/en/privacy/,2026-08-16T00:00:00.000Z
https://worthcalc.win/en/rent-vs-buy-breakeven-year/,2026-09-15T00:00:00.000Z
https://worthcalc.win/en/rent-vs-buy-guide/,2026-09-15T00:00:00.000Z
https://worthcalc.win/en/repair-or-replace-decision-formula/,2026-09-15T00:00:00.000Z
https://worthcalc.win/en/savings-rate-gross-vs-net/,2026-08-29T00:00:00.000Z
https://worthcalc.win/en/snowball-vs-avalanche/,2026-07-31T00:00:00.000Z
https://worthcalc.win/en/subscription-creep/,2026-09-15T00:00:00.000Z
https://worthcalc.win/en/terms/,2026-08-16T00:00:00.000Z
https://worthcalc.win/en/tools/,2026-09-15T00:00:00.000Z
https://worthcalc.win/en/tools/appliance-running-cost/,2026-09-15T00:00:00.000Z
https://worthcalc.win/en/tools/budget-builder/,2026-07-31T00:00:00.000Z
https://worthcalc.win/en/tools/car-affordability/,2026-07-31T00:00:00.000Z
https://worthcalc.win/en/tools/cashback-breakeven/,2026-09-15T00:00:00.000Z
https://worthcalc.win/en/tools/commute-cost/,2026-09-15T00:00:00.000Z
https://worthcalc.win/en/tools/compound-growth/,2026-07-31T00:00:00.000Z
https://worthcalc.win/en/tools/cost-per-mile/,2026-09-15T00:00:00.000Z
https://worthcalc.win/en/tools/costco-membership/,2026-09-22T00:00:00.000Z
https://worthcalc.win/en/tools/credit-card-payoff/,2026-07-31T00:00:00.000Z
https://worthcalc.win/en/tools/debt-strategy/,2026-07-31T00:00:00.000Z
https://worthcalc.win/en/tools/dti-calculator/,2026-07-31T00:00:00.000Z
https://worthcalc.win/en/tools/ev-vs-gas/,2026-09-15T00:00:00.000Z
https://worthcalc.win/en/tools/home-affordability/,2026-07-31T00:00:00.000Z
https://worthcalc.win/en/tools/installment-true-apr/,2026-09-15T00:00:00.000Z
https://worthcalc.win/en/tools/latte-factor/,2026-09-15T00:00:00.000Z
https://worthcalc.win/en/tools/mortgage-payoff/,2026-07-31T00:00:00.000Z
https://worthcalc.win/en/tools/rent-vs-buy/,2026-09-15T00:00:00.000Z
https://worthcalc.win/en/tools/salary-converter/,2026-07-31T00:00:00.000Z
https://worthcalc.win/en/tools/subscription-audit/,2026-09-15T00:00:00.000Z
https://worthcalc.win/en/topics/debt-credit/,2026-09-06T00:00:00.000Z
https://worthcalc.win/en/topics/everyday/,2026-09-06T00:00:00.000Z
https://worthcalc.win/en/topics/housing/,2026-09-06T00:00:00.000Z
https://worthcalc.win/en/topics/income-savings/,2026-09-06T00:00:00.000Z
https://worthcalc.win/en/topics/memberships/,2026-09-06T00:00:00.000Z
https://worthcalc.win/en/topics/transportation/,2026-09-06T00:00:00.000Z
https://worthcalc.win/en/true-cost-of-car-ownership/,2026-07-31T00:00:00.000Z
https://worthcalc.win/en/true-hourly-wage-after-commuting-work-expenses/,2026-09-15T00:00:00.000Z
https://worthcalc.win/en/upfront-fees-financing-cost/,2026-09-15T00:00:00.000Z
https://worthcalc.win/en/upgrade-your-phone-or-keep-it/,2026-09-15T00:00:00.000Z
https://worthcalc.win/en/work-from-home-vs-commuting-hidden-costs/,2026-09-15T00:00:00.000Z
https://worthcalc.win/en/zero-interest-installments-truth/,2026-09-15T00:00:00.000Z
https://worthcalc.win/zh/,2026-09-06T00:00:00.000Z
https://worthcalc.win/zh/about/,2026-09-15T00:00:00.000Z
https://worthcalc.win/zh/annual-fee-card-breakeven/,2026-09-15T00:00:00.000Z
https://worthcalc.win/zh/annual-vs-monthly-billing/,2026-07-20T00:00:00.000Z
https://worthcalc.win/zh/apr-vs-apy/,2026-08-29T00:00:00.000Z
https://worthcalc.win/zh/average-commuting-cost/,2026-08-07T00:00:00.000Z
https://worthcalc.win/zh/bnpl-vs-credit-card-installments/,2026-09-15T00:00:00.000Z
https://worthcalc.win/zh/budget-with-irregular-income/,2026-07-31T00:00:00.000Z
https://worthcalc.win/zh/bulk-buying-vs-small-packages/,2026-09-15T00:00:00.000Z
https://worthcalc.win/zh/bulk-buying-waste-math/,2026-07-19T00:00:00.000Z
https://worthcalc.win/zh/car-lease-vs-buy-total-cost/,2026-09-15T00:00:00.000Z
https://worthcalc.win/zh/cashback-caps-real-reward-rate/,2026-09-15T00:00:00.000Z
https://worthcalc.win/zh/changelog/,2026-07-19T00:00:00.000Z
https://worthcalc.win/zh/contact/,2026-08-16T00:00:00.000Z
https://worthcalc.win/zh/cost-per-use-expensive-item/,2026-09-15T00:00:00.000Z
https://worthcalc.win/zh/costco-math/,2026-09-22T00:00:00.000Z
https://worthcalc.win/zh/credit-card-minimum-payment-trap/,2026-07-31T00:00:00.000Z
https://worthcalc.win/zh/delivery-membership-break-even/,2026-09-15T00:00:00.000Z
https://worthcalc.win/zh/disclaimer/,2026-07-19T00:00:00.000Z
https://worthcalc.win/zh/emergency-fund-how-much/,2026-08-29T00:00:00.000Z
https://worthcalc.win/zh/emergency-fund-irregular-income/,2026-08-29T00:00:00.000Z
https://worthcalc.win/zh/emergency-fund-vs-debt-payoff/,2026-08-29T00:00:00.000Z
https://worthcalc.win/zh/emergency-fund-vs-sinking-fund/,2026-08-29T00:00:00.000Z
https://worthcalc.win/zh/energy-efficient-appliance-payback/,2026-09-15T00:00:00.000Z
https://worthcalc.win/zh/ev-vs-gas-total-cost/,2026-09-15T00:00:00.000Z
https://worthcalc.win/zh/extended-warranty-math/,2026-07-21T00:00:00.000Z
https://worthcalc.win/zh/extra-mortgage-payments-guide/,2026-07-31T00:00:00.000Z
https://worthcalc.win/zh/full-commute-cost-including-time/,2026-09-15T00:00:00.000Z
https://worthcalc.win/zh/guides/,2026-09-06T00:00:00.000Z
https://worthcalc.win/zh/gym-membership-cost-per-visit/,2026-09-15T00:00:00.000Z
https://worthcalc.win/zh/home-vs-public-ev-charging-cost/,2026-09-15T00:00:00.000Z
https://worthcalc.win/zh/hourly-vs-annual-salary/,2026-07-31T00:00:00.000Z
https://worthcalc.win/zh/how-compound-growth-works/,2026-07-31T00:00:00.000Z
https://worthcalc.win/zh/how-much-home-can-you-afford/,2026-07-31T00:00:00.000Z
https://worthcalc.win/zh/how-to-calculate-dti/,2026-07-31T00:00:00.000Z
https://worthcalc.win/zh/how-to-calculate-net-worth/,2026-08-29T00:00:00.000Z
https://worthcalc.win/zh/how-to-calculate-savings-rate/,2026-08-29T00:00:00.000Z
https://worthcalc.win/zh/is-an-extended-warranty-worth-it/,2026-09-15T00:00:00.000Z
https://worthcalc.win/zh/is-costco-executive-membership-worth-it/,2026-09-22T00:00:00.000Z
https://worthcalc.win/zh/loan-term-vs-total-interest/,2026-08-29T00:00:00.000Z
https://worthcalc.win/zh/meal-prep-vs-takeout-cost/,2026-09-15T00:00:00.000Z
https://worthcalc.win/zh/money/,2026-09-18T00:00:00.000Z
https://worthcalc.win/zh/money/credit-card-apr-2026/,2026-09-18T00:00:00.000Z
https://worthcalc.win/zh/money/electricity-price-per-kwh-2026/,2026-09-18T00:00:00.000Z
https://worthcalc.win/zh/money/idle-cash-cost-2026/,2026-09-18T00:00:00.000Z
https://worthcalc.win/zh/money/insurance-deductible-break-even/,2026-09-18T00:00:00.000Z
https://worthcalc.win/zh/money/irs-mileage-rate-2026/,2026-09-18T00:00:00.000Z
https://worthcalc.win/zh/money/mortgage-rate-2026-payment-impact/,2026-09-18T00:00:00.000Z
https://worthcalc.win/zh/money/streaming-prices-2026/,2026-09-18T00:00:00.000Z
https://worthcalc.win/zh/monthly-vs-annual-subscription/,2026-09-15T00:00:00.000Z
https://worthcalc.win/zh/new-vs-used-car-total-cost/,2026-09-15T00:00:00.000Z
https://worthcalc.win/zh/paid-membership-break-even/,2026-09-15T00:00:00.000Z
https://worthcalc.win/zh/pay-raise-vs-inflation-purchasing-power/,2026-09-15T00:00:00.000Z
https://worthcalc.win/zh/price-per-wear-clothing-shoes/,2026-09-15T00:00:00.000Z
https://worthcalc.win/zh/privacy/,2026-08-16T00:00:00.000Z
https://worthcalc.win/zh/rent-vs-buy-breakeven-year/,2026-09-15T00:00:00.000Z
https://worthcalc.win/zh/rent-vs-buy-guide/,2026-09-15T00:00:00.000Z
https://worthcalc.win/zh/repair-or-replace-decision-formula/,2026-09-15T00:00:00.000Z
https://worthcalc.win/zh/reusable-vs-disposable-break-even/,2026-09-15T00:00:00.000Z
https://worthcalc.win/zh/simple-vs-compound-interest/,2026-08-29T00:00:00.000Z
https://worthcalc.win/zh/snowball-vs-avalanche/,2026-07-31T00:00:00.000Z
https://worthcalc.win/zh/subscription-creep/,2026-09-15T00:00:00.000Z
https://worthcalc.win/zh/terms/,2026-08-16T00:00:00.000Z
https://worthcalc.win/zh/tools/,2026-09-15T00:00:00.000Z
https://worthcalc.win/zh/tools/appliance-electricity-cost/,2026-09-15T00:00:00.000Z
https://worthcalc.win/zh/tools/budget-builder/,2026-07-31T00:00:00.000Z
https://worthcalc.win/zh/tools/car-affordability/,2026-07-31T00:00:00.000Z
https://worthcalc.win/zh/tools/cashback-breakeven/,2026-09-15T00:00:00.000Z
https://worthcalc.win/zh/tools/commute-cost/,2026-09-15T00:00:00.000Z
https://worthcalc.win/zh/tools/compound-growth/,2026-07-31T00:00:00.000Z
https://worthcalc.win/zh/tools/cost-per-mile/,2026-09-15T00:00:00.000Z
https://worthcalc.win/zh/tools/costco-membership/,2026-09-22T00:00:00.000Z
https://worthcalc.win/zh/tools/credit-card-payoff/,2026-07-31T00:00:00.000Z
https://worthcalc.win/zh/tools/debt-strategy/,2026-07-31T00:00:00.000Z
https://worthcalc.win/zh/tools/dti-calculator/,2026-07-31T00:00:00.000Z
https://worthcalc.win/zh/tools/ev-vs-gas/,2026-09-15T00:00:00.000Z
https://worthcalc.win/zh/tools/home-affordability/,2026-07-31T00:00:00.000Z
https://worthcalc.win/zh/tools/installment-true-apr/,2026-09-15T00:00:00.000Z
https://worthcalc.win/zh/tools/latte-factor/,2026-09-15T00:00:00.000Z
https://worthcalc.win/zh/tools/mortgage-payoff/,2026-07-31T00:00:00.000Z
https://worthcalc.win/zh/tools/rent-vs-buy/,2026-09-15T00:00:00.000Z
https://worthcalc.win/zh/tools/salary-converter/,2026-07-31T00:00:00.000Z
https://worthcalc.win/zh/tools/subscription-audit/,2026-09-15T00:00:00.000Z
https://worthcalc.win/zh/topics/debt-credit/,2026-09-06T00:00:00.000Z
https://worthcalc.win/zh/topics/everyday/,2026-09-06T00:00:00.000Z
https://worthcalc.win/zh/topics/housing/,2026-09-06T00:00:00.000Z
https://worthcalc.win/zh/topics/income-savings/,2026-09-06T00:00:00.000Z
https://worthcalc.win/zh/topics/memberships/,2026-09-06T00:00:00.000Z
https://worthcalc.win/zh/topics/transportation/,2026-09-06T00:00:00.000Z
https://worthcalc.win/zh/true-cost-of-car-ownership/,2026-07-31T00:00:00.000Z
https://worthcalc.win/zh/true-hourly-wage-after-commuting-work-expenses/,2026-09-15T00:00:00.000Z
https://worthcalc.win/zh/upfront-fees-financing-cost/,2026-09-15T00:00:00.000Z
https://worthcalc.win/zh/upgrade-your-phone-or-keep-it/,2026-09-15T00:00:00.000Z
https://worthcalc.win/zh/work-from-home-vs-commuting-hidden-costs/,2026-09-15T00:00:00.000Z
https://worthcalc.win/zh/zero-interest-installments-truth/,2026-09-15T00:00:00.000Z
