source,hreflang,target,reciprocal
https://worthcalc.win/,en,https://worthcalc.win/,True
https://worthcalc.win/,zh-TW,https://worthcalc.win/zh/,True
https://worthcalc.win/,x-default,https://worthcalc.win/,True
https://worthcalc.win/en/about/,en,https://worthcalc.win/en/about/,True
https://worthcalc.win/en/about/,zh-TW,https://worthcalc.win/zh/about/,True
https://worthcalc.win/en/about/,x-default,https://worthcalc.win/en/about/,True
https://worthcalc.win/en/annual-fee-card-breakeven/,en,https://worthcalc.win/en/annual-fee-card-breakeven/,True
https://worthcalc.win/en/annual-fee-card-breakeven/,zh-TW,https://worthcalc.win/zh/annual-fee-card-breakeven/,True
https://worthcalc.win/en/annual-fee-card-breakeven/,x-default,https://worthcalc.win/en/annual-fee-card-breakeven/,True
https://worthcalc.win/en/annual-vs-monthly-billing/,en,https://worthcalc.win/en/annual-vs-monthly-billing/,True
https://worthcalc.win/en/annual-vs-monthly-billing/,zh-TW,https://worthcalc.win/zh/annual-vs-monthly-billing/,True
https://worthcalc.win/en/annual-vs-monthly-billing/,x-default,https://worthcalc.win/en/annual-vs-monthly-billing/,True
https://worthcalc.win/en/apr-vs-apy/,en,https://worthcalc.win/en/apr-vs-apy/,True
https://worthcalc.win/en/apr-vs-apy/,zh-TW,https://worthcalc.win/zh/apr-vs-apy/,True
https://worthcalc.win/en/apr-vs-apy/,x-default,https://worthcalc.win/en/apr-vs-apy/,True
https://worthcalc.win/en/average-commuting-cost/,en,https://worthcalc.win/en/average-commuting-cost/,True
https://worthcalc.win/en/average-commuting-cost/,zh-TW,https://worthcalc.win/zh/average-commuting-cost/,True
https://worthcalc.win/en/average-commuting-cost/,x-default,https://worthcalc.win/en/average-commuting-cost/,True
https://worthcalc.win/en/bnpl-vs-credit-card-installments/,en,https://worthcalc.win/en/bnpl-vs-credit-card-installments/,True
https://worthcalc.win/en/bnpl-vs-credit-card-installments/,zh-TW,https://worthcalc.win/zh/bnpl-vs-credit-card-installments/,True
https://worthcalc.win/en/bnpl-vs-credit-card-installments/,x-default,https://worthcalc.win/en/bnpl-vs-credit-card-installments/,True
https://worthcalc.win/en/budget-with-irregular-income/,en,https://worthcalc.win/en/budget-with-irregular-income/,True
https://worthcalc.win/en/budget-with-irregular-income/,zh-TW,https://worthcalc.win/zh/budget-with-irregular-income/,True
https://worthcalc.win/en/budget-with-irregular-income/,x-default,https://worthcalc.win/en/budget-with-irregular-income/,True
https://worthcalc.win/en/bulk-buying-vs-small-packages/,en,https://worthcalc.win/en/bulk-buying-vs-small-packages/,True
https://worthcalc.win/en/bulk-buying-vs-small-packages/,zh-TW,https://worthcalc.win/zh/bulk-buying-vs-small-packages/,True
https://worthcalc.win/en/bulk-buying-vs-small-packages/,x-default,https://worthcalc.win/en/bulk-buying-vs-small-packages/,True
https://worthcalc.win/en/bulk-buying-waste-math/,en,https://worthcalc.win/en/bulk-buying-waste-math/,True
https://worthcalc.win/en/bulk-buying-waste-math/,zh-TW,https://worthcalc.win/zh/bulk-buying-waste-math/,True
https://worthcalc.win/en/bulk-buying-waste-math/,x-default,https://worthcalc.win/en/bulk-buying-waste-math/,True
https://worthcalc.win/en/car-lease-vs-buy-total-cost/,en,https://worthcalc.win/en/car-lease-vs-buy-total-cost/,True
https://worthcalc.win/en/car-lease-vs-buy-total-cost/,zh-TW,https://worthcalc.win/zh/car-lease-vs-buy-total-cost/,True
https://worthcalc.win/en/car-lease-vs-buy-total-cost/,x-default,https://worthcalc.win/en/car-lease-vs-buy-total-cost/,True
https://worthcalc.win/en/cashback-caps-real-reward-rate/,en,https://worthcalc.win/en/cashback-caps-real-reward-rate/,True
https://worthcalc.win/en/cashback-caps-real-reward-rate/,zh-TW,https://worthcalc.win/zh/cashback-caps-real-reward-rate/,True
https://worthcalc.win/en/cashback-caps-real-reward-rate/,x-default,https://worthcalc.win/en/cashback-caps-real-reward-rate/,True
https://worthcalc.win/en/changelog/,en,https://worthcalc.win/en/changelog/,True
https://worthcalc.win/en/changelog/,zh-TW,https://worthcalc.win/zh/changelog/,True
https://worthcalc.win/en/changelog/,x-default,https://worthcalc.win/en/changelog/,True
https://worthcalc.win/en/contact/,en,https://worthcalc.win/en/contact/,True
https://worthcalc.win/en/contact/,zh-TW,https://worthcalc.win/zh/contact/,True
https://worthcalc.win/en/contact/,x-default,https://worthcalc.win/en/contact/,True
https://worthcalc.win/en/costco-math/,en,https://worthcalc.win/en/costco-math/,True
https://worthcalc.win/en/costco-math/,zh-TW,https://worthcalc.win/zh/costco-math/,True
https://worthcalc.win/en/costco-math/,x-default,https://worthcalc.win/en/costco-math/,True
https://worthcalc.win/en/credit-card-minimum-payment-trap/,en,https://worthcalc.win/en/credit-card-minimum-payment-trap/,True
https://worthcalc.win/en/credit-card-minimum-payment-trap/,zh-TW,https://worthcalc.win/zh/credit-card-minimum-payment-trap/,True
https://worthcalc.win/en/credit-card-minimum-payment-trap/,x-default,https://worthcalc.win/en/credit-card-minimum-payment-trap/,True
https://worthcalc.win/en/delivery-membership-break-even/,en,https://worthcalc.win/en/delivery-membership-break-even/,True
https://worthcalc.win/en/delivery-membership-break-even/,zh-TW,https://worthcalc.win/zh/delivery-membership-break-even/,True
https://worthcalc.win/en/delivery-membership-break-even/,x-default,https://worthcalc.win/en/delivery-membership-break-even/,True
https://worthcalc.win/en/disclaimer/,en,https://worthcalc.win/en/disclaimer/,True
https://worthcalc.win/en/disclaimer/,zh-TW,https://worthcalc.win/zh/disclaimer/,True
https://worthcalc.win/en/disclaimer/,x-default,https://worthcalc.win/en/disclaimer/,True
https://worthcalc.win/en/emergency-fund-irregular-income/,en,https://worthcalc.win/en/emergency-fund-irregular-income/,True
https://worthcalc.win/en/emergency-fund-irregular-income/,zh-TW,https://worthcalc.win/zh/emergency-fund-irregular-income/,True
https://worthcalc.win/en/emergency-fund-irregular-income/,x-default,https://worthcalc.win/en/emergency-fund-irregular-income/,True
https://worthcalc.win/en/energy-efficient-appliance-payback/,en,https://worthcalc.win/en/energy-efficient-appliance-payback/,True
https://worthcalc.win/en/energy-efficient-appliance-payback/,zh-TW,https://worthcalc.win/zh/energy-efficient-appliance-payback/,True
https://worthcalc.win/en/energy-efficient-appliance-payback/,x-default,https://worthcalc.win/en/energy-efficient-appliance-payback/,True
https://worthcalc.win/en/ev-vs-gas-total-cost/,en,https://worthcalc.win/en/ev-vs-gas-total-cost/,True
https://worthcalc.win/en/ev-vs-gas-total-cost/,zh-TW,https://worthcalc.win/zh/ev-vs-gas-total-cost/,True
https://worthcalc.win/en/ev-vs-gas-total-cost/,x-default,https://worthcalc.win/en/ev-vs-gas-total-cost/,True
https://worthcalc.win/en/extended-warranty-math/,en,https://worthcalc.win/en/extended-warranty-math/,True
https://worthcalc.win/en/extended-warranty-math/,zh-TW,https://worthcalc.win/zh/extended-warranty-math/,True
https://worthcalc.win/en/extended-warranty-math/,x-default,https://worthcalc.win/en/extended-warranty-math/,True
https://worthcalc.win/en/extra-mortgage-payments-guide/,en,https://worthcalc.win/en/extra-mortgage-payments-guide/,True
https://worthcalc.win/en/extra-mortgage-payments-guide/,zh-TW,https://worthcalc.win/zh/extra-mortgage-payments-guide/,True
https://worthcalc.win/en/extra-mortgage-payments-guide/,x-default,https://worthcalc.win/en/extra-mortgage-payments-guide/,True
https://worthcalc.win/en/full-commute-cost-including-time/,en,https://worthcalc.win/en/full-commute-cost-including-time/,True
https://worthcalc.win/en/full-commute-cost-including-time/,zh-TW,https://worthcalc.win/zh/full-commute-cost-including-time/,True
https://worthcalc.win/en/full-commute-cost-including-time/,x-default,https://worthcalc.win/en/full-commute-cost-including-time/,True
https://worthcalc.win/en/guides/,en,https://worthcalc.win/en/guides/,True
https://worthcalc.win/en/guides/,zh-TW,https://worthcalc.win/zh/guides/,True
https://worthcalc.win/en/guides/,x-default,https://worthcalc.win/en/guides/,True
https://worthcalc.win/en/gym-membership-cost-per-visit/,en,https://worthcalc.win/en/gym-membership-cost-per-visit/,True
https://worthcalc.win/en/gym-membership-cost-per-visit/,zh-TW,https://worthcalc.win/zh/gym-membership-cost-per-visit/,True
https://worthcalc.win/en/gym-membership-cost-per-visit/,x-default,https://worthcalc.win/en/gym-membership-cost-per-visit/,True
https://worthcalc.win/en/home-vs-public-ev-charging-cost/,en,https://worthcalc.win/en/home-vs-public-ev-charging-cost/,True
https://worthcalc.win/en/home-vs-public-ev-charging-cost/,zh-TW,https://worthcalc.win/zh/home-vs-public-ev-charging-cost/,True
https://worthcalc.win/en/home-vs-public-ev-charging-cost/,x-default,https://worthcalc.win/en/home-vs-public-ev-charging-cost/,True
https://worthcalc.win/en/hourly-vs-annual-salary/,en,https://worthcalc.win/en/hourly-vs-annual-salary/,True
https://worthcalc.win/en/hourly-vs-annual-salary/,zh-TW,https://worthcalc.win/zh/hourly-vs-annual-salary/,True
https://worthcalc.win/en/hourly-vs-annual-salary/,x-default,https://worthcalc.win/en/hourly-vs-annual-salary/,True
https://worthcalc.win/en/how-compound-growth-works/,en,https://worthcalc.win/en/how-compound-growth-works/,True
https://worthcalc.win/en/how-compound-growth-works/,zh-TW,https://worthcalc.win/zh/how-compound-growth-works/,True
https://worthcalc.win/en/how-compound-growth-works/,x-default,https://worthcalc.win/en/how-compound-growth-works/,True
https://worthcalc.win/en/how-to-calculate-dti/,en,https://worthcalc.win/en/how-to-calculate-dti/,True
https://worthcalc.win/en/how-to-calculate-dti/,zh-TW,https://worthcalc.win/zh/how-to-calculate-dti/,True
https://worthcalc.win/en/how-to-calculate-dti/,x-default,https://worthcalc.win/en/how-to-calculate-dti/,True
https://worthcalc.win/en/is-an-extended-warranty-worth-it/,en,https://worthcalc.win/en/is-an-extended-warranty-worth-it/,True
https://worthcalc.win/en/is-an-extended-warranty-worth-it/,zh-TW,https://worthcalc.win/zh/is-an-extended-warranty-worth-it/,True
https://worthcalc.win/en/is-an-extended-warranty-worth-it/,x-default,https://worthcalc.win/en/is-an-extended-warranty-worth-it/,True
https://worthcalc.win/en/is-costco-executive-membership-worth-it/,en,https://worthcalc.win/en/is-costco-executive-membership-worth-it/,True
https://worthcalc.win/en/is-costco-executive-membership-worth-it/,zh-TW,https://worthcalc.win/zh/is-costco-executive-membership-worth-it/,True
https://worthcalc.win/en/is-costco-executive-membership-worth-it/,x-default,https://worthcalc.win/en/is-costco-executive-membership-worth-it/,True
https://worthcalc.win/en/loan-term-monthly-payment-vs-total-interest/,en,https://worthcalc.win/en/loan-term-monthly-payment-vs-total-interest/,True
https://worthcalc.win/en/loan-term-monthly-payment-vs-total-interest/,x-default,https://worthcalc.win/en/loan-term-monthly-payment-vs-total-interest/,True
https://worthcalc.win/en/money/,en,https://worthcalc.win/en/money/,True
https://worthcalc.win/en/money/,zh-TW,https://worthcalc.win/zh/money/,True
https://worthcalc.win/en/money/,x-default,https://worthcalc.win/en/money/,True
https://worthcalc.win/en/money/credit-card-apr-2026/,en,https://worthcalc.win/en/money/credit-card-apr-2026/,True
https://worthcalc.win/en/money/credit-card-apr-2026/,zh-TW,https://worthcalc.win/zh/money/credit-card-apr-2026/,True
https://worthcalc.win/en/money/credit-card-apr-2026/,x-default,https://worthcalc.win/en/money/credit-card-apr-2026/,True
https://worthcalc.win/en/money/electricity-price-per-kwh-2026/,en,https://worthcalc.win/en/money/electricity-price-per-kwh-2026/,True
https://worthcalc.win/en/money/electricity-price-per-kwh-2026/,zh-TW,https://worthcalc.win/zh/money/electricity-price-per-kwh-2026/,True
https://worthcalc.win/en/money/electricity-price-per-kwh-2026/,x-default,https://worthcalc.win/en/money/electricity-price-per-kwh-2026/,True
https://worthcalc.win/en/money/idle-cash-cost-2026/,en,https://worthcalc.win/en/money/idle-cash-cost-2026/,True
https://worthcalc.win/en/money/idle-cash-cost-2026/,zh-TW,https://worthcalc.win/zh/money/idle-cash-cost-2026/,True
https://worthcalc.win/en/money/idle-cash-cost-2026/,x-default,https://worthcalc.win/en/money/idle-cash-cost-2026/,True
https://worthcalc.win/en/money/insurance-deductible-break-even/,en,https://worthcalc.win/en/money/insurance-deductible-break-even/,True
https://worthcalc.win/en/money/insurance-deductible-break-even/,zh-TW,https://worthcalc.win/zh/money/insurance-deductible-break-even/,True
https://worthcalc.win/en/money/insurance-deductible-break-even/,x-default,https://worthcalc.win/en/money/insurance-deductible-break-even/,True
https://worthcalc.win/en/money/irs-mileage-rate-2026/,en,https://worthcalc.win/en/money/irs-mileage-rate-2026/,True
https://worthcalc.win/en/money/irs-mileage-rate-2026/,zh-TW,https://worthcalc.win/zh/money/irs-mileage-rate-2026/,True
https://worthcalc.win/en/money/irs-mileage-rate-2026/,x-default,https://worthcalc.win/en/money/irs-mileage-rate-2026/,True
https://worthcalc.win/en/money/mortgage-rate-2026-payment-impact/,en,https://worthcalc.win/en/money/mortgage-rate-2026-payment-impact/,True
https://worthcalc.win/en/money/mortgage-rate-2026-payment-impact/,zh-TW,https://worthcalc.win/zh/money/mortgage-rate-2026-payment-impact/,True
https://worthcalc.win/en/money/mortgage-rate-2026-payment-impact/,x-default,https://worthcalc.win/en/money/mortgage-rate-2026-payment-impact/,True
https://worthcalc.win/en/money/streaming-prices-2026/,en,https://worthcalc.win/en/money/streaming-prices-2026/,True
https://worthcalc.win/en/money/streaming-prices-2026/,zh-TW,https://worthcalc.win/zh/money/streaming-prices-2026/,True
https://worthcalc.win/en/money/streaming-prices-2026/,x-default,https://worthcalc.win/en/money/streaming-prices-2026/,True
https://worthcalc.win/en/monthly-vs-annual-subscription/,en,https://worthcalc.win/en/monthly-vs-annual-subscription/,True
https://worthcalc.win/en/monthly-vs-annual-subscription/,zh-TW,https://worthcalc.win/zh/monthly-vs-annual-subscription/,True
https://worthcalc.win/en/monthly-vs-annual-subscription/,x-default,https://worthcalc.win/en/monthly-vs-annual-subscription/,True
https://worthcalc.win/en/net-worth-vs-liquid-net-worth/,en,https://worthcalc.win/en/net-worth-vs-liquid-net-worth/,True
https://worthcalc.win/en/net-worth-vs-liquid-net-worth/,x-default,https://worthcalc.win/en/net-worth-vs-liquid-net-worth/,True
https://worthcalc.win/en/new-vs-used-car-total-cost/,en,https://worthcalc.win/en/new-vs-used-car-total-cost/,True
https://worthcalc.win/en/new-vs-used-car-total-cost/,zh-TW,https://worthcalc.win/zh/new-vs-used-car-total-cost/,True
https://worthcalc.win/en/new-vs-used-car-total-cost/,x-default,https://worthcalc.win/en/new-vs-used-car-total-cost/,True
https://worthcalc.win/en/paid-membership-break-even/,en,https://worthcalc.win/en/paid-membership-break-even/,True
https://worthcalc.win/en/paid-membership-break-even/,zh-TW,https://worthcalc.win/zh/paid-membership-break-even/,True
https://worthcalc.win/en/paid-membership-break-even/,x-default,https://worthcalc.win/en/paid-membership-break-even/,True
https://worthcalc.win/en/pay-raise-vs-inflation-purchasing-power/,en,https://worthcalc.win/en/pay-raise-vs-inflation-purchasing-power/,True
https://worthcalc.win/en/pay-raise-vs-inflation-purchasing-power/,zh-TW,https://worthcalc.win/zh/pay-raise-vs-inflation-purchasing-power/,True
https://worthcalc.win/en/pay-raise-vs-inflation-purchasing-power/,x-default,https://worthcalc.win/en/pay-raise-vs-inflation-purchasing-power/,True
https://worthcalc.win/en/privacy/,en,https://worthcalc.win/en/privacy/,True
https://worthcalc.win/en/privacy/,zh-TW,https://worthcalc.win/zh/privacy/,True
https://worthcalc.win/en/privacy/,x-default,https://worthcalc.win/en/privacy/,True
https://worthcalc.win/en/rent-vs-buy-breakeven-year/,en,https://worthcalc.win/en/rent-vs-buy-breakeven-year/,True
https://worthcalc.win/en/rent-vs-buy-breakeven-year/,zh-TW,https://worthcalc.win/zh/rent-vs-buy-breakeven-year/,True
https://worthcalc.win/en/rent-vs-buy-breakeven-year/,x-default,https://worthcalc.win/en/rent-vs-buy-breakeven-year/,True
https://worthcalc.win/en/rent-vs-buy-guide/,en,https://worthcalc.win/en/rent-vs-buy-guide/,True
https://worthcalc.win/en/rent-vs-buy-guide/,zh-TW,https://worthcalc.win/zh/rent-vs-buy-guide/,True
https://worthcalc.win/en/rent-vs-buy-guide/,x-default,https://worthcalc.win/en/rent-vs-buy-guide/,True
https://worthcalc.win/en/repair-or-replace-decision-formula/,en,https://worthcalc.win/en/repair-or-replace-decision-formula/,True
https://worthcalc.win/en/repair-or-replace-decision-formula/,zh-TW,https://worthcalc.win/zh/repair-or-replace-decision-formula/,True
https://worthcalc.win/en/repair-or-replace-decision-formula/,x-default,https://worthcalc.win/en/repair-or-replace-decision-formula/,True
https://worthcalc.win/en/savings-rate-gross-vs-net/,en,https://worthcalc.win/en/savings-rate-gross-vs-net/,True
https://worthcalc.win/en/savings-rate-gross-vs-net/,x-default,https://worthcalc.win/en/savings-rate-gross-vs-net/,True
https://worthcalc.win/en/snowball-vs-avalanche/,en,https://worthcalc.win/en/snowball-vs-avalanche/,True
https://worthcalc.win/en/snowball-vs-avalanche/,zh-TW,https://worthcalc.win/zh/snowball-vs-avalanche/,True
https://worthcalc.win/en/snowball-vs-avalanche/,x-default,https://worthcalc.win/en/snowball-vs-avalanche/,True
https://worthcalc.win/en/subscription-creep/,en,https://worthcalc.win/en/subscription-creep/,True
https://worthcalc.win/en/subscription-creep/,zh-TW,https://worthcalc.win/zh/subscription-creep/,True
https://worthcalc.win/en/subscription-creep/,x-default,https://worthcalc.win/en/subscription-creep/,True
https://worthcalc.win/en/terms/,en,https://worthcalc.win/en/terms/,True
https://worthcalc.win/en/terms/,zh-TW,https://worthcalc.win/zh/terms/,True
https://worthcalc.win/en/terms/,x-default,https://worthcalc.win/en/terms/,True
https://worthcalc.win/en/tools/,en,https://worthcalc.win/en/tools/,True
https://worthcalc.win/en/tools/,zh-TW,https://worthcalc.win/zh/tools/,True
https://worthcalc.win/en/tools/,x-default,https://worthcalc.win/en/tools/,True
https://worthcalc.win/en/tools/appliance-running-cost/,en,https://worthcalc.win/en/tools/appliance-running-cost/,True
https://worthcalc.win/en/tools/appliance-running-cost/,x-default,https://worthcalc.win/en/tools/appliance-running-cost/,True
https://worthcalc.win/en/tools/budget-builder/,en,https://worthcalc.win/en/tools/budget-builder/,True
https://worthcalc.win/en/tools/budget-builder/,zh-TW,https://worthcalc.win/zh/tools/budget-builder/,True
https://worthcalc.win/en/tools/budget-builder/,x-default,https://worthcalc.win/en/tools/budget-builder/,True
https://worthcalc.win/en/tools/car-affordability/,en,https://worthcalc.win/en/tools/car-affordability/,True
https://worthcalc.win/en/tools/car-affordability/,zh-TW,https://worthcalc.win/zh/tools/car-affordability/,True
https://worthcalc.win/en/tools/car-affordability/,x-default,https://worthcalc.win/en/tools/car-affordability/,True
https://worthcalc.win/en/tools/cashback-breakeven/,en,https://worthcalc.win/en/tools/cashback-breakeven/,True
https://worthcalc.win/en/tools/cashback-breakeven/,zh-TW,https://worthcalc.win/zh/tools/cashback-breakeven/,True
https://worthcalc.win/en/tools/cashback-breakeven/,x-default,https://worthcalc.win/en/tools/cashback-breakeven/,True
https://worthcalc.win/en/tools/commute-cost/,en,https://worthcalc.win/en/tools/commute-cost/,True
https://worthcalc.win/en/tools/commute-cost/,zh-TW,https://worthcalc.win/zh/tools/commute-cost/,True
https://worthcalc.win/en/tools/commute-cost/,x-default,https://worthcalc.win/en/tools/commute-cost/,True
https://worthcalc.win/en/tools/compound-growth/,en,https://worthcalc.win/en/tools/compound-growth/,True
https://worthcalc.win/en/tools/compound-growth/,zh-TW,https://worthcalc.win/zh/tools/compound-growth/,True
https://worthcalc.win/en/tools/compound-growth/,x-default,https://worthcalc.win/en/tools/compound-growth/,True
https://worthcalc.win/en/tools/cost-per-mile/,en,https://worthcalc.win/en/tools/cost-per-mile/,True
https://worthcalc.win/en/tools/cost-per-mile/,zh-TW,https://worthcalc.win/zh/tools/cost-per-mile/,True
https://worthcalc.win/en/tools/cost-per-mile/,x-default,https://worthcalc.win/en/tools/cost-per-mile/,True
https://worthcalc.win/en/tools/costco-membership/,en,https://worthcalc.win/en/tools/costco-membership/,True
https://worthcalc.win/en/tools/costco-membership/,zh-TW,https://worthcalc.win/zh/tools/costco-membership/,True
https://worthcalc.win/en/tools/costco-membership/,x-default,https://worthcalc.win/en/tools/costco-membership/,True
https://worthcalc.win/en/tools/credit-card-payoff/,en,https://worthcalc.win/en/tools/credit-card-payoff/,True
https://worthcalc.win/en/tools/credit-card-payoff/,zh-TW,https://worthcalc.win/zh/tools/credit-card-payoff/,True
https://worthcalc.win/en/tools/credit-card-payoff/,x-default,https://worthcalc.win/en/tools/credit-card-payoff/,True
https://worthcalc.win/en/tools/debt-strategy/,en,https://worthcalc.win/en/tools/debt-strategy/,True
https://worthcalc.win/en/tools/debt-strategy/,zh-TW,https://worthcalc.win/zh/tools/debt-strategy/,True
https://worthcalc.win/en/tools/debt-strategy/,x-default,https://worthcalc.win/en/tools/debt-strategy/,True
https://worthcalc.win/en/tools/dti-calculator/,en,https://worthcalc.win/en/tools/dti-calculator/,True
https://worthcalc.win/en/tools/dti-calculator/,zh-TW,https://worthcalc.win/zh/tools/dti-calculator/,True
https://worthcalc.win/en/tools/dti-calculator/,x-default,https://worthcalc.win/en/tools/dti-calculator/,True
https://worthcalc.win/en/tools/ev-vs-gas/,en,https://worthcalc.win/en/tools/ev-vs-gas/,True
https://worthcalc.win/en/tools/ev-vs-gas/,zh-TW,https://worthcalc.win/zh/tools/ev-vs-gas/,True
https://worthcalc.win/en/tools/ev-vs-gas/,x-default,https://worthcalc.win/en/tools/ev-vs-gas/,True
https://worthcalc.win/en/tools/home-affordability/,en,https://worthcalc.win/en/tools/home-affordability/,True
https://worthcalc.win/en/tools/home-affordability/,zh-TW,https://worthcalc.win/zh/tools/home-affordability/,True
https://worthcalc.win/en/tools/home-affordability/,x-default,https://worthcalc.win/en/tools/home-affordability/,True
https://worthcalc.win/en/tools/installment-true-apr/,en,https://worthcalc.win/en/tools/installment-true-apr/,True
https://worthcalc.win/en/tools/installment-true-apr/,zh-TW,https://worthcalc.win/zh/tools/installment-true-apr/,True
https://worthcalc.win/en/tools/installment-true-apr/,x-default,https://worthcalc.win/en/tools/installment-true-apr/,True
https://worthcalc.win/en/tools/latte-factor/,en,https://worthcalc.win/en/tools/latte-factor/,True
https://worthcalc.win/en/tools/latte-factor/,zh-TW,https://worthcalc.win/zh/tools/latte-factor/,True
https://worthcalc.win/en/tools/latte-factor/,x-default,https://worthcalc.win/en/tools/latte-factor/,True
https://worthcalc.win/en/tools/mortgage-payoff/,en,https://worthcalc.win/en/tools/mortgage-payoff/,True
https://worthcalc.win/en/tools/mortgage-payoff/,zh-TW,https://worthcalc.win/zh/tools/mortgage-payoff/,True
https://worthcalc.win/en/tools/mortgage-payoff/,x-default,https://worthcalc.win/en/tools/mortgage-payoff/,True
https://worthcalc.win/en/tools/rent-vs-buy/,en,https://worthcalc.win/en/tools/rent-vs-buy/,True
https://worthcalc.win/en/tools/rent-vs-buy/,zh-TW,https://worthcalc.win/zh/tools/rent-vs-buy/,True
https://worthcalc.win/en/tools/rent-vs-buy/,x-default,https://worthcalc.win/en/tools/rent-vs-buy/,True
https://worthcalc.win/en/tools/salary-converter/,en,https://worthcalc.win/en/tools/salary-converter/,True
https://worthcalc.win/en/tools/salary-converter/,zh-TW,https://worthcalc.win/zh/tools/salary-converter/,True
https://worthcalc.win/en/tools/salary-converter/,x-default,https://worthcalc.win/en/tools/salary-converter/,True
https://worthcalc.win/en/tools/subscription-audit/,en,https://worthcalc.win/en/tools/subscription-audit/,True
https://worthcalc.win/en/tools/subscription-audit/,zh-TW,https://worthcalc.win/zh/tools/subscription-audit/,True
https://worthcalc.win/en/tools/subscription-audit/,x-default,https://worthcalc.win/en/tools/subscription-audit/,True
https://worthcalc.win/en/topics/debt-credit/,en,https://worthcalc.win/en/topics/debt-credit/,True
https://worthcalc.win/en/topics/debt-credit/,zh-TW,https://worthcalc.win/zh/topics/debt-credit/,True
https://worthcalc.win/en/topics/debt-credit/,x-default,https://worthcalc.win/en/topics/debt-credit/,True
https://worthcalc.win/en/topics/everyday/,en,https://worthcalc.win/en/topics/everyday/,True
https://worthcalc.win/en/topics/everyday/,zh-TW,https://worthcalc.win/zh/topics/everyday/,True
https://worthcalc.win/en/topics/everyday/,x-default,https://worthcalc.win/en/topics/everyday/,True
https://worthcalc.win/en/topics/housing/,en,https://worthcalc.win/en/topics/housing/,True
https://worthcalc.win/en/topics/housing/,zh-TW,https://worthcalc.win/zh/topics/housing/,True
https://worthcalc.win/en/topics/housing/,x-default,https://worthcalc.win/en/topics/housing/,True
https://worthcalc.win/en/topics/income-savings/,en,https://worthcalc.win/en/topics/income-savings/,True
https://worthcalc.win/en/topics/income-savings/,zh-TW,https://worthcalc.win/zh/topics/income-savings/,True
https://worthcalc.win/en/topics/income-savings/,x-default,https://worthcalc.win/en/topics/income-savings/,True
https://worthcalc.win/en/topics/memberships/,en,https://worthcalc.win/en/topics/memberships/,True
https://worthcalc.win/en/topics/memberships/,zh-TW,https://worthcalc.win/zh/topics/memberships/,True
https://worthcalc.win/en/topics/memberships/,x-default,https://worthcalc.win/en/topics/memberships/,True
https://worthcalc.win/en/topics/transportation/,en,https://worthcalc.win/en/topics/transportation/,True
https://worthcalc.win/en/topics/transportation/,zh-TW,https://worthcalc.win/zh/topics/transportation/,True
https://worthcalc.win/en/topics/transportation/,x-default,https://worthcalc.win/en/topics/transportation/,True
https://worthcalc.win/en/true-cost-of-car-ownership/,en,https://worthcalc.win/en/true-cost-of-car-ownership/,True
https://worthcalc.win/en/true-cost-of-car-ownership/,zh-TW,https://worthcalc.win/zh/true-cost-of-car-ownership/,True
https://worthcalc.win/en/true-cost-of-car-ownership/,x-default,https://worthcalc.win/en/true-cost-of-car-ownership/,True
https://worthcalc.win/en/true-hourly-wage-after-commuting-work-expenses/,en,https://worthcalc.win/en/true-hourly-wage-after-commuting-work-expenses/,True
https://worthcalc.win/en/true-hourly-wage-after-commuting-work-expenses/,zh-TW,https://worthcalc.win/zh/true-hourly-wage-after-commuting-work-expenses/,True
https://worthcalc.win/en/true-hourly-wage-after-commuting-work-expenses/,x-default,https://worthcalc.win/en/true-hourly-wage-after-commuting-work-expenses/,True
https://worthcalc.win/en/upfront-fees-financing-cost/,en,https://worthcalc.win/en/upfront-fees-financing-cost/,True
https://worthcalc.win/en/upfront-fees-financing-cost/,zh-TW,https://worthcalc.win/zh/upfront-fees-financing-cost/,True
https://worthcalc.win/en/upfront-fees-financing-cost/,x-default,https://worthcalc.win/en/upfront-fees-financing-cost/,True
https://worthcalc.win/en/upgrade-your-phone-or-keep-it/,en,https://worthcalc.win/en/upgrade-your-phone-or-keep-it/,True
https://worthcalc.win/en/upgrade-your-phone-or-keep-it/,zh-TW,https://worthcalc.win/zh/upgrade-your-phone-or-keep-it/,True
https://worthcalc.win/en/upgrade-your-phone-or-keep-it/,x-default,https://worthcalc.win/en/upgrade-your-phone-or-keep-it/,True
https://worthcalc.win/en/work-from-home-vs-commuting-hidden-costs/,en,https://worthcalc.win/en/work-from-home-vs-commuting-hidden-costs/,True
https://worthcalc.win/en/work-from-home-vs-commuting-hidden-costs/,zh-TW,https://worthcalc.win/zh/work-from-home-vs-commuting-hidden-costs/,True
https://worthcalc.win/en/work-from-home-vs-commuting-hidden-costs/,x-default,https://worthcalc.win/en/work-from-home-vs-commuting-hidden-costs/,True
https://worthcalc.win/en/zero-interest-installments-truth/,en,https://worthcalc.win/en/zero-interest-installments-truth/,True
https://worthcalc.win/en/zero-interest-installments-truth/,zh-TW,https://worthcalc.win/zh/zero-interest-installments-truth/,True
https://worthcalc.win/en/zero-interest-installments-truth/,x-default,https://worthcalc.win/en/zero-interest-installments-truth/,True
https://worthcalc.win/zh/,en,https://worthcalc.win/,True
https://worthcalc.win/zh/,zh-TW,https://worthcalc.win/zh/,True
https://worthcalc.win/zh/,x-default,https://worthcalc.win/,True
https://worthcalc.win/zh/about/,en,https://worthcalc.win/en/about/,True
https://worthcalc.win/zh/about/,zh-TW,https://worthcalc.win/zh/about/,True
https://worthcalc.win/zh/about/,x-default,https://worthcalc.win/en/about/,True
https://worthcalc.win/zh/annual-fee-card-breakeven/,en,https://worthcalc.win/en/annual-fee-card-breakeven/,True
https://worthcalc.win/zh/annual-fee-card-breakeven/,zh-TW,https://worthcalc.win/zh/annual-fee-card-breakeven/,True
https://worthcalc.win/zh/annual-fee-card-breakeven/,x-default,https://worthcalc.win/en/annual-fee-card-breakeven/,True
https://worthcalc.win/zh/annual-vs-monthly-billing/,en,https://worthcalc.win/en/annual-vs-monthly-billing/,True
https://worthcalc.win/zh/annual-vs-monthly-billing/,zh-TW,https://worthcalc.win/zh/annual-vs-monthly-billing/,True
https://worthcalc.win/zh/annual-vs-monthly-billing/,x-default,https://worthcalc.win/en/annual-vs-monthly-billing/,True
https://worthcalc.win/zh/apr-vs-apy/,en,https://worthcalc.win/en/apr-vs-apy/,True
https://worthcalc.win/zh/apr-vs-apy/,zh-TW,https://worthcalc.win/zh/apr-vs-apy/,True
https://worthcalc.win/zh/apr-vs-apy/,x-default,https://worthcalc.win/en/apr-vs-apy/,True
https://worthcalc.win/zh/average-commuting-cost/,en,https://worthcalc.win/en/average-commuting-cost/,True
https://worthcalc.win/zh/average-commuting-cost/,zh-TW,https://worthcalc.win/zh/average-commuting-cost/,True
https://worthcalc.win/zh/average-commuting-cost/,x-default,https://worthcalc.win/en/average-commuting-cost/,True
https://worthcalc.win/zh/bnpl-vs-credit-card-installments/,en,https://worthcalc.win/en/bnpl-vs-credit-card-installments/,True
https://worthcalc.win/zh/bnpl-vs-credit-card-installments/,zh-TW,https://worthcalc.win/zh/bnpl-vs-credit-card-installments/,True
https://worthcalc.win/zh/bnpl-vs-credit-card-installments/,x-default,https://worthcalc.win/en/bnpl-vs-credit-card-installments/,True
https://worthcalc.win/zh/budget-with-irregular-income/,en,https://worthcalc.win/en/budget-with-irregular-income/,True
https://worthcalc.win/zh/budget-with-irregular-income/,zh-TW,https://worthcalc.win/zh/budget-with-irregular-income/,True
https://worthcalc.win/zh/budget-with-irregular-income/,x-default,https://worthcalc.win/en/budget-with-irregular-income/,True
https://worthcalc.win/zh/bulk-buying-vs-small-packages/,en,https://worthcalc.win/en/bulk-buying-vs-small-packages/,True
https://worthcalc.win/zh/bulk-buying-vs-small-packages/,zh-TW,https://worthcalc.win/zh/bulk-buying-vs-small-packages/,True
https://worthcalc.win/zh/bulk-buying-vs-small-packages/,x-default,https://worthcalc.win/en/bulk-buying-vs-small-packages/,True
https://worthcalc.win/zh/bulk-buying-waste-math/,en,https://worthcalc.win/en/bulk-buying-waste-math/,True
https://worthcalc.win/zh/bulk-buying-waste-math/,zh-TW,https://worthcalc.win/zh/bulk-buying-waste-math/,True
https://worthcalc.win/zh/bulk-buying-waste-math/,x-default,https://worthcalc.win/en/bulk-buying-waste-math/,True
https://worthcalc.win/zh/car-lease-vs-buy-total-cost/,en,https://worthcalc.win/en/car-lease-vs-buy-total-cost/,True
https://worthcalc.win/zh/car-lease-vs-buy-total-cost/,zh-TW,https://worthcalc.win/zh/car-lease-vs-buy-total-cost/,True
https://worthcalc.win/zh/car-lease-vs-buy-total-cost/,x-default,https://worthcalc.win/en/car-lease-vs-buy-total-cost/,True
https://worthcalc.win/zh/cashback-caps-real-reward-rate/,en,https://worthcalc.win/en/cashback-caps-real-reward-rate/,True
https://worthcalc.win/zh/cashback-caps-real-reward-rate/,zh-TW,https://worthcalc.win/zh/cashback-caps-real-reward-rate/,True
https://worthcalc.win/zh/cashback-caps-real-reward-rate/,x-default,https://worthcalc.win/en/cashback-caps-real-reward-rate/,True
https://worthcalc.win/zh/changelog/,en,https://worthcalc.win/en/changelog/,True
https://worthcalc.win/zh/changelog/,zh-TW,https://worthcalc.win/zh/changelog/,True
https://worthcalc.win/zh/changelog/,x-default,https://worthcalc.win/en/changelog/,True
https://worthcalc.win/zh/contact/,en,https://worthcalc.win/en/contact/,True
https://worthcalc.win/zh/contact/,zh-TW,https://worthcalc.win/zh/contact/,True
https://worthcalc.win/zh/contact/,x-default,https://worthcalc.win/en/contact/,True
https://worthcalc.win/zh/cost-per-use-expensive-item/,zh-TW,https://worthcalc.win/zh/cost-per-use-expensive-item/,True
https://worthcalc.win/zh/cost-per-use-expensive-item/,x-default,https://worthcalc.win/zh/cost-per-use-expensive-item/,True
https://worthcalc.win/zh/costco-math/,en,https://worthcalc.win/en/costco-math/,True
https://worthcalc.win/zh/costco-math/,zh-TW,https://worthcalc.win/zh/costco-math/,True
https://worthcalc.win/zh/costco-math/,x-default,https://worthcalc.win/en/costco-math/,True
https://worthcalc.win/zh/credit-card-minimum-payment-trap/,en,https://worthcalc.win/en/credit-card-minimum-payment-trap/,True
https://worthcalc.win/zh/credit-card-minimum-payment-trap/,zh-TW,https://worthcalc.win/zh/credit-card-minimum-payment-trap/,True
https://worthcalc.win/zh/credit-card-minimum-payment-trap/,x-default,https://worthcalc.win/en/credit-card-minimum-payment-trap/,True
https://worthcalc.win/zh/delivery-membership-break-even/,en,https://worthcalc.win/en/delivery-membership-break-even/,True
https://worthcalc.win/zh/delivery-membership-break-even/,zh-TW,https://worthcalc.win/zh/delivery-membership-break-even/,True
https://worthcalc.win/zh/delivery-membership-break-even/,x-default,https://worthcalc.win/en/delivery-membership-break-even/,True
https://worthcalc.win/zh/disclaimer/,en,https://worthcalc.win/en/disclaimer/,True
https://worthcalc.win/zh/disclaimer/,zh-TW,https://worthcalc.win/zh/disclaimer/,True
https://worthcalc.win/zh/disclaimer/,x-default,https://worthcalc.win/en/disclaimer/,True
https://worthcalc.win/zh/emergency-fund-how-much/,zh-TW,https://worthcalc.win/zh/emergency-fund-how-much/,True
https://worthcalc.win/zh/emergency-fund-how-much/,x-default,https://worthcalc.win/zh/emergency-fund-how-much/,True
https://worthcalc.win/zh/emergency-fund-irregular-income/,en,https://worthcalc.win/en/emergency-fund-irregular-income/,True
https://worthcalc.win/zh/emergency-fund-irregular-income/,zh-TW,https://worthcalc.win/zh/emergency-fund-irregular-income/,True
https://worthcalc.win/zh/emergency-fund-irregular-income/,x-default,https://worthcalc.win/en/emergency-fund-irregular-income/,True
https://worthcalc.win/zh/emergency-fund-vs-debt-payoff/,zh-TW,https://worthcalc.win/zh/emergency-fund-vs-debt-payoff/,True
https://worthcalc.win/zh/emergency-fund-vs-debt-payoff/,x-default,https://worthcalc.win/zh/emergency-fund-vs-debt-payoff/,True
https://worthcalc.win/zh/emergency-fund-vs-sinking-fund/,zh-TW,https://worthcalc.win/zh/emergency-fund-vs-sinking-fund/,True
https://worthcalc.win/zh/emergency-fund-vs-sinking-fund/,x-default,https://worthcalc.win/zh/emergency-fund-vs-sinking-fund/,True
https://worthcalc.win/zh/energy-efficient-appliance-payback/,en,https://worthcalc.win/en/energy-efficient-appliance-payback/,True
https://worthcalc.win/zh/energy-efficient-appliance-payback/,zh-TW,https://worthcalc.win/zh/energy-efficient-appliance-payback/,True
https://worthcalc.win/zh/energy-efficient-appliance-payback/,x-default,https://worthcalc.win/en/energy-efficient-appliance-payback/,True
https://worthcalc.win/zh/ev-vs-gas-total-cost/,en,https://worthcalc.win/en/ev-vs-gas-total-cost/,True
https://worthcalc.win/zh/ev-vs-gas-total-cost/,zh-TW,https://worthcalc.win/zh/ev-vs-gas-total-cost/,True
https://worthcalc.win/zh/ev-vs-gas-total-cost/,x-default,https://worthcalc.win/en/ev-vs-gas-total-cost/,True
https://worthcalc.win/zh/extended-warranty-math/,en,https://worthcalc.win/en/extended-warranty-math/,True
https://worthcalc.win/zh/extended-warranty-math/,zh-TW,https://worthcalc.win/zh/extended-warranty-math/,True
https://worthcalc.win/zh/extended-warranty-math/,x-default,https://worthcalc.win/en/extended-warranty-math/,True
https://worthcalc.win/zh/extra-mortgage-payments-guide/,en,https://worthcalc.win/en/extra-mortgage-payments-guide/,True
https://worthcalc.win/zh/extra-mortgage-payments-guide/,zh-TW,https://worthcalc.win/zh/extra-mortgage-payments-guide/,True
https://worthcalc.win/zh/extra-mortgage-payments-guide/,x-default,https://worthcalc.win/en/extra-mortgage-payments-guide/,True
https://worthcalc.win/zh/full-commute-cost-including-time/,en,https://worthcalc.win/en/full-commute-cost-including-time/,True
https://worthcalc.win/zh/full-commute-cost-including-time/,zh-TW,https://worthcalc.win/zh/full-commute-cost-including-time/,True
https://worthcalc.win/zh/full-commute-cost-including-time/,x-default,https://worthcalc.win/en/full-commute-cost-including-time/,True
https://worthcalc.win/zh/guides/,en,https://worthcalc.win/en/guides/,True
https://worthcalc.win/zh/guides/,zh-TW,https://worthcalc.win/zh/guides/,True
https://worthcalc.win/zh/guides/,x-default,https://worthcalc.win/en/guides/,True
https://worthcalc.win/zh/gym-membership-cost-per-visit/,en,https://worthcalc.win/en/gym-membership-cost-per-visit/,True
https://worthcalc.win/zh/gym-membership-cost-per-visit/,zh-TW,https://worthcalc.win/zh/gym-membership-cost-per-visit/,True
https://worthcalc.win/zh/gym-membership-cost-per-visit/,x-default,https://worthcalc.win/en/gym-membership-cost-per-visit/,True
https://worthcalc.win/zh/home-vs-public-ev-charging-cost/,en,https://worthcalc.win/en/home-vs-public-ev-charging-cost/,True
https://worthcalc.win/zh/home-vs-public-ev-charging-cost/,zh-TW,https://worthcalc.win/zh/home-vs-public-ev-charging-cost/,True
https://worthcalc.win/zh/home-vs-public-ev-charging-cost/,x-default,https://worthcalc.win/en/home-vs-public-ev-charging-cost/,True
https://worthcalc.win/zh/hourly-vs-annual-salary/,en,https://worthcalc.win/en/hourly-vs-annual-salary/,True
https://worthcalc.win/zh/hourly-vs-annual-salary/,zh-TW,https://worthcalc.win/zh/hourly-vs-annual-salary/,True
https://worthcalc.win/zh/hourly-vs-annual-salary/,x-default,https://worthcalc.win/en/hourly-vs-annual-salary/,True
https://worthcalc.win/zh/how-compound-growth-works/,en,https://worthcalc.win/en/how-compound-growth-works/,True
https://worthcalc.win/zh/how-compound-growth-works/,zh-TW,https://worthcalc.win/zh/how-compound-growth-works/,True
https://worthcalc.win/zh/how-compound-growth-works/,x-default,https://worthcalc.win/en/how-compound-growth-works/,True
https://worthcalc.win/zh/how-much-home-can-you-afford/,zh-TW,https://worthcalc.win/zh/how-much-home-can-you-afford/,True
https://worthcalc.win/zh/how-much-home-can-you-afford/,x-default,https://worthcalc.win/zh/how-much-home-can-you-afford/,True
https://worthcalc.win/zh/how-to-calculate-dti/,en,https://worthcalc.win/en/how-to-calculate-dti/,True
https://worthcalc.win/zh/how-to-calculate-dti/,zh-TW,https://worthcalc.win/zh/how-to-calculate-dti/,True
https://worthcalc.win/zh/how-to-calculate-dti/,x-default,https://worthcalc.win/en/how-to-calculate-dti/,True
https://worthcalc.win/zh/how-to-calculate-net-worth/,zh-TW,https://worthcalc.win/zh/how-to-calculate-net-worth/,True
https://worthcalc.win/zh/how-to-calculate-net-worth/,x-default,https://worthcalc.win/zh/how-to-calculate-net-worth/,True
https://worthcalc.win/zh/how-to-calculate-savings-rate/,zh-TW,https://worthcalc.win/zh/how-to-calculate-savings-rate/,True
https://worthcalc.win/zh/how-to-calculate-savings-rate/,x-default,https://worthcalc.win/zh/how-to-calculate-savings-rate/,True
https://worthcalc.win/zh/is-an-extended-warranty-worth-it/,en,https://worthcalc.win/en/is-an-extended-warranty-worth-it/,True
https://worthcalc.win/zh/is-an-extended-warranty-worth-it/,zh-TW,https://worthcalc.win/zh/is-an-extended-warranty-worth-it/,True
https://worthcalc.win/zh/is-an-extended-warranty-worth-it/,x-default,https://worthcalc.win/en/is-an-extended-warranty-worth-it/,True
https://worthcalc.win/zh/is-costco-executive-membership-worth-it/,en,https://worthcalc.win/en/is-costco-executive-membership-worth-it/,True
https://worthcalc.win/zh/is-costco-executive-membership-worth-it/,zh-TW,https://worthcalc.win/zh/is-costco-executive-membership-worth-it/,True
https://worthcalc.win/zh/is-costco-executive-membership-worth-it/,x-default,https://worthcalc.win/en/is-costco-executive-membership-worth-it/,True
https://worthcalc.win/zh/loan-term-vs-total-interest/,zh-TW,https://worthcalc.win/zh/loan-term-vs-total-interest/,True
https://worthcalc.win/zh/loan-term-vs-total-interest/,x-default,https://worthcalc.win/zh/loan-term-vs-total-interest/,True
https://worthcalc.win/zh/meal-prep-vs-takeout-cost/,zh-TW,https://worthcalc.win/zh/meal-prep-vs-takeout-cost/,True
https://worthcalc.win/zh/meal-prep-vs-takeout-cost/,x-default,https://worthcalc.win/zh/meal-prep-vs-takeout-cost/,True
https://worthcalc.win/zh/money/,en,https://worthcalc.win/en/money/,True
https://worthcalc.win/zh/money/,zh-TW,https://worthcalc.win/zh/money/,True
https://worthcalc.win/zh/money/,x-default,https://worthcalc.win/en/money/,True
https://worthcalc.win/zh/money/credit-card-apr-2026/,en,https://worthcalc.win/en/money/credit-card-apr-2026/,True
https://worthcalc.win/zh/money/credit-card-apr-2026/,zh-TW,https://worthcalc.win/zh/money/credit-card-apr-2026/,True
https://worthcalc.win/zh/money/credit-card-apr-2026/,x-default,https://worthcalc.win/en/money/credit-card-apr-2026/,True
https://worthcalc.win/zh/money/electricity-price-per-kwh-2026/,en,https://worthcalc.win/en/money/electricity-price-per-kwh-2026/,True
https://worthcalc.win/zh/money/electricity-price-per-kwh-2026/,zh-TW,https://worthcalc.win/zh/money/electricity-price-per-kwh-2026/,True
https://worthcalc.win/zh/money/electricity-price-per-kwh-2026/,x-default,https://worthcalc.win/en/money/electricity-price-per-kwh-2026/,True
https://worthcalc.win/zh/money/idle-cash-cost-2026/,en,https://worthcalc.win/en/money/idle-cash-cost-2026/,True
https://worthcalc.win/zh/money/idle-cash-cost-2026/,zh-TW,https://worthcalc.win/zh/money/idle-cash-cost-2026/,True
https://worthcalc.win/zh/money/idle-cash-cost-2026/,x-default,https://worthcalc.win/en/money/idle-cash-cost-2026/,True
https://worthcalc.win/zh/money/insurance-deductible-break-even/,en,https://worthcalc.win/en/money/insurance-deductible-break-even/,True
https://worthcalc.win/zh/money/insurance-deductible-break-even/,zh-TW,https://worthcalc.win/zh/money/insurance-deductible-break-even/,True
https://worthcalc.win/zh/money/insurance-deductible-break-even/,x-default,https://worthcalc.win/en/money/insurance-deductible-break-even/,True
https://worthcalc.win/zh/money/irs-mileage-rate-2026/,en,https://worthcalc.win/en/money/irs-mileage-rate-2026/,True
https://worthcalc.win/zh/money/irs-mileage-rate-2026/,zh-TW,https://worthcalc.win/zh/money/irs-mileage-rate-2026/,True
https://worthcalc.win/zh/money/irs-mileage-rate-2026/,x-default,https://worthcalc.win/en/money/irs-mileage-rate-2026/,True
https://worthcalc.win/zh/money/mortgage-rate-2026-payment-impact/,en,https://worthcalc.win/en/money/mortgage-rate-2026-payment-impact/,True
https://worthcalc.win/zh/money/mortgage-rate-2026-payment-impact/,zh-TW,https://worthcalc.win/zh/money/mortgage-rate-2026-payment-impact/,True
https://worthcalc.win/zh/money/mortgage-rate-2026-payment-impact/,x-default,https://worthcalc.win/en/money/mortgage-rate-2026-payment-impact/,True
https://worthcalc.win/zh/money/streaming-prices-2026/,en,https://worthcalc.win/en/money/streaming-prices-2026/,True
https://worthcalc.win/zh/money/streaming-prices-2026/,zh-TW,https://worthcalc.win/zh/money/streaming-prices-2026/,True
https://worthcalc.win/zh/money/streaming-prices-2026/,x-default,https://worthcalc.win/en/money/streaming-prices-2026/,True
https://worthcalc.win/zh/monthly-vs-annual-subscription/,en,https://worthcalc.win/en/monthly-vs-annual-subscription/,True
https://worthcalc.win/zh/monthly-vs-annual-subscription/,zh-TW,https://worthcalc.win/zh/monthly-vs-annual-subscription/,True
https://worthcalc.win/zh/monthly-vs-annual-subscription/,x-default,https://worthcalc.win/en/monthly-vs-annual-subscription/,True
https://worthcalc.win/zh/new-vs-used-car-total-cost/,en,https://worthcalc.win/en/new-vs-used-car-total-cost/,True
https://worthcalc.win/zh/new-vs-used-car-total-cost/,zh-TW,https://worthcalc.win/zh/new-vs-used-car-total-cost/,True
https://worthcalc.win/zh/new-vs-used-car-total-cost/,x-default,https://worthcalc.win/en/new-vs-used-car-total-cost/,True
https://worthcalc.win/zh/paid-membership-break-even/,en,https://worthcalc.win/en/paid-membership-break-even/,True
https://worthcalc.win/zh/paid-membership-break-even/,zh-TW,https://worthcalc.win/zh/paid-membership-break-even/,True
https://worthcalc.win/zh/paid-membership-break-even/,x-default,https://worthcalc.win/en/paid-membership-break-even/,True
https://worthcalc.win/zh/pay-raise-vs-inflation-purchasing-power/,en,https://worthcalc.win/en/pay-raise-vs-inflation-purchasing-power/,True
https://worthcalc.win/zh/pay-raise-vs-inflation-purchasing-power/,zh-TW,https://worthcalc.win/zh/pay-raise-vs-inflation-purchasing-power/,True
https://worthcalc.win/zh/pay-raise-vs-inflation-purchasing-power/,x-default,https://worthcalc.win/en/pay-raise-vs-inflation-purchasing-power/,True
https://worthcalc.win/zh/price-per-wear-clothing-shoes/,zh-TW,https://worthcalc.win/zh/price-per-wear-clothing-shoes/,True
https://worthcalc.win/zh/price-per-wear-clothing-shoes/,x-default,https://worthcalc.win/zh/price-per-wear-clothing-shoes/,True
https://worthcalc.win/zh/privacy/,en,https://worthcalc.win/en/privacy/,True
https://worthcalc.win/zh/privacy/,zh-TW,https://worthcalc.win/zh/privacy/,True
https://worthcalc.win/zh/privacy/,x-default,https://worthcalc.win/en/privacy/,True
https://worthcalc.win/zh/rent-vs-buy-breakeven-year/,en,https://worthcalc.win/en/rent-vs-buy-breakeven-year/,True
https://worthcalc.win/zh/rent-vs-buy-breakeven-year/,zh-TW,https://worthcalc.win/zh/rent-vs-buy-breakeven-year/,True
https://worthcalc.win/zh/rent-vs-buy-breakeven-year/,x-default,https://worthcalc.win/en/rent-vs-buy-breakeven-year/,True
https://worthcalc.win/zh/rent-vs-buy-guide/,en,https://worthcalc.win/en/rent-vs-buy-guide/,True
https://worthcalc.win/zh/rent-vs-buy-guide/,zh-TW,https://worthcalc.win/zh/rent-vs-buy-guide/,True
https://worthcalc.win/zh/rent-vs-buy-guide/,x-default,https://worthcalc.win/en/rent-vs-buy-guide/,True
https://worthcalc.win/zh/repair-or-replace-decision-formula/,en,https://worthcalc.win/en/repair-or-replace-decision-formula/,True
https://worthcalc.win/zh/repair-or-replace-decision-formula/,zh-TW,https://worthcalc.win/zh/repair-or-replace-decision-formula/,True
https://worthcalc.win/zh/repair-or-replace-decision-formula/,x-default,https://worthcalc.win/en/repair-or-replace-decision-formula/,True
https://worthcalc.win/zh/reusable-vs-disposable-break-even/,zh-TW,https://worthcalc.win/zh/reusable-vs-disposable-break-even/,True
https://worthcalc.win/zh/reusable-vs-disposable-break-even/,x-default,https://worthcalc.win/zh/reusable-vs-disposable-break-even/,True
https://worthcalc.win/zh/simple-vs-compound-interest/,zh-TW,https://worthcalc.win/zh/simple-vs-compound-interest/,True
https://worthcalc.win/zh/simple-vs-compound-interest/,x-default,https://worthcalc.win/zh/simple-vs-compound-interest/,True
https://worthcalc.win/zh/snowball-vs-avalanche/,en,https://worthcalc.win/en/snowball-vs-avalanche/,True
https://worthcalc.win/zh/snowball-vs-avalanche/,zh-TW,https://worthcalc.win/zh/snowball-vs-avalanche/,True
https://worthcalc.win/zh/snowball-vs-avalanche/,x-default,https://worthcalc.win/en/snowball-vs-avalanche/,True
https://worthcalc.win/zh/subscription-creep/,en,https://worthcalc.win/en/subscription-creep/,True
https://worthcalc.win/zh/subscription-creep/,zh-TW,https://worthcalc.win/zh/subscription-creep/,True
https://worthcalc.win/zh/subscription-creep/,x-default,https://worthcalc.win/en/subscription-creep/,True
https://worthcalc.win/zh/terms/,en,https://worthcalc.win/en/terms/,True
https://worthcalc.win/zh/terms/,zh-TW,https://worthcalc.win/zh/terms/,True
https://worthcalc.win/zh/terms/,x-default,https://worthcalc.win/en/terms/,True
https://worthcalc.win/zh/tools/,en,https://worthcalc.win/en/tools/,True
https://worthcalc.win/zh/tools/,zh-TW,https://worthcalc.win/zh/tools/,True
https://worthcalc.win/zh/tools/,x-default,https://worthcalc.win/en/tools/,True
https://worthcalc.win/zh/tools/appliance-electricity-cost/,zh-TW,https://worthcalc.win/zh/tools/appliance-electricity-cost/,True
https://worthcalc.win/zh/tools/appliance-electricity-cost/,x-default,https://worthcalc.win/zh/tools/appliance-electricity-cost/,True
https://worthcalc.win/zh/tools/budget-builder/,en,https://worthcalc.win/en/tools/budget-builder/,True
https://worthcalc.win/zh/tools/budget-builder/,zh-TW,https://worthcalc.win/zh/tools/budget-builder/,True
https://worthcalc.win/zh/tools/budget-builder/,x-default,https://worthcalc.win/en/tools/budget-builder/,True
https://worthcalc.win/zh/tools/car-affordability/,en,https://worthcalc.win/en/tools/car-affordability/,True
https://worthcalc.win/zh/tools/car-affordability/,zh-TW,https://worthcalc.win/zh/tools/car-affordability/,True
https://worthcalc.win/zh/tools/car-affordability/,x-default,https://worthcalc.win/en/tools/car-affordability/,True
https://worthcalc.win/zh/tools/cashback-breakeven/,en,https://worthcalc.win/en/tools/cashback-breakeven/,True
https://worthcalc.win/zh/tools/cashback-breakeven/,zh-TW,https://worthcalc.win/zh/tools/cashback-breakeven/,True
https://worthcalc.win/zh/tools/cashback-breakeven/,x-default,https://worthcalc.win/en/tools/cashback-breakeven/,True
https://worthcalc.win/zh/tools/commute-cost/,en,https://worthcalc.win/en/tools/commute-cost/,True
https://worthcalc.win/zh/tools/commute-cost/,zh-TW,https://worthcalc.win/zh/tools/commute-cost/,True
https://worthcalc.win/zh/tools/commute-cost/,x-default,https://worthcalc.win/en/tools/commute-cost/,True
https://worthcalc.win/zh/tools/compound-growth/,en,https://worthcalc.win/en/tools/compound-growth/,True
https://worthcalc.win/zh/tools/compound-growth/,zh-TW,https://worthcalc.win/zh/tools/compound-growth/,True
https://worthcalc.win/zh/tools/compound-growth/,x-default,https://worthcalc.win/en/tools/compound-growth/,True
https://worthcalc.win/zh/tools/cost-per-mile/,en,https://worthcalc.win/en/tools/cost-per-mile/,True
https://worthcalc.win/zh/tools/cost-per-mile/,zh-TW,https://worthcalc.win/zh/tools/cost-per-mile/,True
https://worthcalc.win/zh/tools/cost-per-mile/,x-default,https://worthcalc.win/en/tools/cost-per-mile/,True
https://worthcalc.win/zh/tools/costco-membership/,en,https://worthcalc.win/en/tools/costco-membership/,True
https://worthcalc.win/zh/tools/costco-membership/,zh-TW,https://worthcalc.win/zh/tools/costco-membership/,True
https://worthcalc.win/zh/tools/costco-membership/,x-default,https://worthcalc.win/en/tools/costco-membership/,True
https://worthcalc.win/zh/tools/credit-card-payoff/,en,https://worthcalc.win/en/tools/credit-card-payoff/,True
https://worthcalc.win/zh/tools/credit-card-payoff/,zh-TW,https://worthcalc.win/zh/tools/credit-card-payoff/,True
https://worthcalc.win/zh/tools/credit-card-payoff/,x-default,https://worthcalc.win/en/tools/credit-card-payoff/,True
https://worthcalc.win/zh/tools/debt-strategy/,en,https://worthcalc.win/en/tools/debt-strategy/,True
https://worthcalc.win/zh/tools/debt-strategy/,zh-TW,https://worthcalc.win/zh/tools/debt-strategy/,True
https://worthcalc.win/zh/tools/debt-strategy/,x-default,https://worthcalc.win/en/tools/debt-strategy/,True
https://worthcalc.win/zh/tools/dti-calculator/,en,https://worthcalc.win/en/tools/dti-calculator/,True
https://worthcalc.win/zh/tools/dti-calculator/,zh-TW,https://worthcalc.win/zh/tools/dti-calculator/,True
https://worthcalc.win/zh/tools/dti-calculator/,x-default,https://worthcalc.win/en/tools/dti-calculator/,True
https://worthcalc.win/zh/tools/ev-vs-gas/,en,https://worthcalc.win/en/tools/ev-vs-gas/,True
https://worthcalc.win/zh/tools/ev-vs-gas/,zh-TW,https://worthcalc.win/zh/tools/ev-vs-gas/,True
https://worthcalc.win/zh/tools/ev-vs-gas/,x-default,https://worthcalc.win/en/tools/ev-vs-gas/,True
https://worthcalc.win/zh/tools/home-affordability/,en,https://worthcalc.win/en/tools/home-affordability/,True
https://worthcalc.win/zh/tools/home-affordability/,zh-TW,https://worthcalc.win/zh/tools/home-affordability/,True
https://worthcalc.win/zh/tools/home-affordability/,x-default,https://worthcalc.win/en/tools/home-affordability/,True
https://worthcalc.win/zh/tools/installment-true-apr/,en,https://worthcalc.win/en/tools/installment-true-apr/,True
https://worthcalc.win/zh/tools/installment-true-apr/,zh-TW,https://worthcalc.win/zh/tools/installment-true-apr/,True
https://worthcalc.win/zh/tools/installment-true-apr/,x-default,https://worthcalc.win/en/tools/installment-true-apr/,True
https://worthcalc.win/zh/tools/latte-factor/,en,https://worthcalc.win/en/tools/latte-factor/,True
https://worthcalc.win/zh/tools/latte-factor/,zh-TW,https://worthcalc.win/zh/tools/latte-factor/,True
https://worthcalc.win/zh/tools/latte-factor/,x-default,https://worthcalc.win/en/tools/latte-factor/,True
https://worthcalc.win/zh/tools/mortgage-payoff/,en,https://worthcalc.win/en/tools/mortgage-payoff/,True
https://worthcalc.win/zh/tools/mortgage-payoff/,zh-TW,https://worthcalc.win/zh/tools/mortgage-payoff/,True
https://worthcalc.win/zh/tools/mortgage-payoff/,x-default,https://worthcalc.win/en/tools/mortgage-payoff/,True
https://worthcalc.win/zh/tools/rent-vs-buy/,en,https://worthcalc.win/en/tools/rent-vs-buy/,True
https://worthcalc.win/zh/tools/rent-vs-buy/,zh-TW,https://worthcalc.win/zh/tools/rent-vs-buy/,True
https://worthcalc.win/zh/tools/rent-vs-buy/,x-default,https://worthcalc.win/en/tools/rent-vs-buy/,True
https://worthcalc.win/zh/tools/salary-converter/,en,https://worthcalc.win/en/tools/salary-converter/,True
https://worthcalc.win/zh/tools/salary-converter/,zh-TW,https://worthcalc.win/zh/tools/salary-converter/,True
https://worthcalc.win/zh/tools/salary-converter/,x-default,https://worthcalc.win/en/tools/salary-converter/,True
https://worthcalc.win/zh/tools/subscription-audit/,en,https://worthcalc.win/en/tools/subscription-audit/,True
https://worthcalc.win/zh/tools/subscription-audit/,zh-TW,https://worthcalc.win/zh/tools/subscription-audit/,True
https://worthcalc.win/zh/tools/subscription-audit/,x-default,https://worthcalc.win/en/tools/subscription-audit/,True
https://worthcalc.win/zh/topics/debt-credit/,en,https://worthcalc.win/en/topics/debt-credit/,True
https://worthcalc.win/zh/topics/debt-credit/,zh-TW,https://worthcalc.win/zh/topics/debt-credit/,True
https://worthcalc.win/zh/topics/debt-credit/,x-default,https://worthcalc.win/en/topics/debt-credit/,True
https://worthcalc.win/zh/topics/everyday/,en,https://worthcalc.win/en/topics/everyday/,True
https://worthcalc.win/zh/topics/everyday/,zh-TW,https://worthcalc.win/zh/topics/everyday/,True
https://worthcalc.win/zh/topics/everyday/,x-default,https://worthcalc.win/en/topics/everyday/,True
https://worthcalc.win/zh/topics/housing/,en,https://worthcalc.win/en/topics/housing/,True
https://worthcalc.win/zh/topics/housing/,zh-TW,https://worthcalc.win/zh/topics/housing/,True
https://worthcalc.win/zh/topics/housing/,x-default,https://worthcalc.win/en/topics/housing/,True
https://worthcalc.win/zh/topics/income-savings/,en,https://worthcalc.win/en/topics/income-savings/,True
https://worthcalc.win/zh/topics/income-savings/,zh-TW,https://worthcalc.win/zh/topics/income-savings/,True
https://worthcalc.win/zh/topics/income-savings/,x-default,https://worthcalc.win/en/topics/income-savings/,True
https://worthcalc.win/zh/topics/memberships/,en,https://worthcalc.win/en/topics/memberships/,True
https://worthcalc.win/zh/topics/memberships/,zh-TW,https://worthcalc.win/zh/topics/memberships/,True
https://worthcalc.win/zh/topics/memberships/,x-default,https://worthcalc.win/en/topics/memberships/,True
https://worthcalc.win/zh/topics/transportation/,en,https://worthcalc.win/en/topics/transportation/,True
https://worthcalc.win/zh/topics/transportation/,zh-TW,https://worthcalc.win/zh/topics/transportation/,True
https://worthcalc.win/zh/topics/transportation/,x-default,https://worthcalc.win/en/topics/transportation/,True
https://worthcalc.win/zh/true-cost-of-car-ownership/,en,https://worthcalc.win/en/true-cost-of-car-ownership/,True
https://worthcalc.win/zh/true-cost-of-car-ownership/,zh-TW,https://worthcalc.win/zh/true-cost-of-car-ownership/,True
https://worthcalc.win/zh/true-cost-of-car-ownership/,x-default,https://worthcalc.win/en/true-cost-of-car-ownership/,True
https://worthcalc.win/zh/true-hourly-wage-after-commuting-work-expenses/,en,https://worthcalc.win/en/true-hourly-wage-after-commuting-work-expenses/,True
https://worthcalc.win/zh/true-hourly-wage-after-commuting-work-expenses/,zh-TW,https://worthcalc.win/zh/true-hourly-wage-after-commuting-work-expenses/,True
https://worthcalc.win/zh/true-hourly-wage-after-commuting-work-expenses/,x-default,https://worthcalc.win/en/true-hourly-wage-after-commuting-work-expenses/,True
https://worthcalc.win/zh/upfront-fees-financing-cost/,en,https://worthcalc.win/en/upfront-fees-financing-cost/,True
https://worthcalc.win/zh/upfront-fees-financing-cost/,zh-TW,https://worthcalc.win/zh/upfront-fees-financing-cost/,True
https://worthcalc.win/zh/upfront-fees-financing-cost/,x-default,https://worthcalc.win/en/upfront-fees-financing-cost/,True
https://worthcalc.win/zh/upgrade-your-phone-or-keep-it/,en,https://worthcalc.win/en/upgrade-your-phone-or-keep-it/,True
https://worthcalc.win/zh/upgrade-your-phone-or-keep-it/,zh-TW,https://worthcalc.win/zh/upgrade-your-phone-or-keep-it/,True
https://worthcalc.win/zh/upgrade-your-phone-or-keep-it/,x-default,https://worthcalc.win/en/upgrade-your-phone-or-keep-it/,True
https://worthcalc.win/zh/work-from-home-vs-commuting-hidden-costs/,en,https://worthcalc.win/en/work-from-home-vs-commuting-hidden-costs/,True
https://worthcalc.win/zh/work-from-home-vs-commuting-hidden-costs/,zh-TW,https://worthcalc.win/zh/work-from-home-vs-commuting-hidden-costs/,True
https://worthcalc.win/zh/work-from-home-vs-commuting-hidden-costs/,x-default,https://worthcalc.win/en/work-from-home-vs-commuting-hidden-costs/,True
https://worthcalc.win/zh/zero-interest-installments-truth/,en,https://worthcalc.win/en/zero-interest-installments-truth/,True
https://worthcalc.win/zh/zero-interest-installments-truth/,zh-TW,https://worthcalc.win/zh/zero-interest-installments-truth/,True
https://worthcalc.win/zh/zero-interest-installments-truth/,x-default,https://worthcalc.win/en/zero-interest-installments-truth/,True
