url,source_file,robots,in_sitemap,decision,accidental,reason
https://worthcalc.win/de/about/,src/pages/[locale]/[legal].astro,"noindex,follow",false,INTENTIONAL_REGISTRY_OR_PAGE_POLICY,false,deindexedRegistry: German zero-impression cohort under review on 2026-09-14
https://worthcalc.win/de/bnpl-vs-credit-card-installments/,,"noindex,follow",false,INTENTIONAL_REGISTRY_OR_PAGE_POLICY,false,deindexedRegistry: German zero-impression cohort under review on 2026-09-14
https://worthcalc.win/de/budget-with-irregular-income/,,"noindex,follow",false,INTENTIONAL_REGISTRY_OR_PAGE_POLICY,false,deindexedRegistry: German zero-impression cohort under review on 2026-09-14
https://worthcalc.win/de/bulk-buying-vs-small-packages/,,"noindex,follow",false,INTENTIONAL_REGISTRY_OR_PAGE_POLICY,false,deindexedRegistry: German zero-impression cohort under review on 2026-09-14
https://worthcalc.win/de/bulk-buying-waste-math/,,"noindex,follow",false,INTENTIONAL_REGISTRY_OR_PAGE_POLICY,false,deindexedRegistry: German zero-impression cohort under review on 2026-09-14
https://worthcalc.win/de/car-lease-vs-buy-total-cost/,,"noindex,follow",false,INTENTIONAL_REGISTRY_OR_PAGE_POLICY,false,deindexedRegistry: German zero-impression cohort under review on 2026-09-14
https://worthcalc.win/de/changelog/,src/pages/[locale]/[legal].astro,"noindex,follow",false,INTENTIONAL_REGISTRY_OR_PAGE_POLICY,false,deindexedRegistry: German zero-impression cohort under review on 2026-09-14
https://worthcalc.win/de/contact/,src/pages/[locale]/[legal].astro,"noindex,follow",false,INTENTIONAL_REGISTRY_OR_PAGE_POLICY,false,deindexedRegistry: German zero-impression cohort under review on 2026-09-14
https://worthcalc.win/de/cost-per-use-expensive-item/,,"noindex,follow",false,INTENTIONAL_REGISTRY_OR_PAGE_POLICY,false,deindexedRegistry: German zero-impression cohort under review on 2026-09-14
https://worthcalc.win/de/costco-math/,,"noindex,follow",false,INTENTIONAL_REGISTRY_OR_PAGE_POLICY,false,deindexedRegistry: German zero-impression cohort under review on 2026-09-14
https://worthcalc.win/de/credit-card-minimum-payment-trap/,,"noindex,follow",false,INTENTIONAL_REGISTRY_OR_PAGE_POLICY,false,deindexedRegistry: German zero-impression cohort under review on 2026-09-14
https://worthcalc.win/de/delivery-membership-break-even/,,"noindex,follow",false,INTENTIONAL_REGISTRY_OR_PAGE_POLICY,false,deindexedRegistry: German zero-impression cohort under review on 2026-09-14
https://worthcalc.win/de/disclaimer/,src/pages/[locale]/[legal].astro,"noindex,follow",false,INTENTIONAL_REGISTRY_OR_PAGE_POLICY,false,deindexedRegistry: German zero-impression cohort under review on 2026-09-14
https://worthcalc.win/de/energy-efficient-appliance-payback/,,"noindex,follow",false,INTENTIONAL_REGISTRY_OR_PAGE_POLICY,false,deindexedRegistry: German zero-impression cohort under review on 2026-09-14
https://worthcalc.win/de/extra-mortgage-payments-guide/,,"noindex,follow",false,INTENTIONAL_REGISTRY_OR_PAGE_POLICY,false,deindexedRegistry: German zero-impression cohort under review on 2026-09-14
https://worthcalc.win/de/gym-membership-cost-per-visit/,,"noindex,follow",false,INTENTIONAL_REGISTRY_OR_PAGE_POLICY,false,deindexedRegistry: German zero-impression cohort under review on 2026-09-14
https://worthcalc.win/de/home-vs-public-ev-charging-cost/,,"noindex,follow",false,INTENTIONAL_REGISTRY_OR_PAGE_POLICY,false,deindexedRegistry: German zero-impression cohort under review on 2026-09-14
https://worthcalc.win/de/hourly-vs-annual-salary/,,"noindex,follow",false,INTENTIONAL_REGISTRY_OR_PAGE_POLICY,false,deindexedRegistry: German zero-impression cohort under review on 2026-09-14
https://worthcalc.win/de/how-compound-growth-works/,,"noindex,follow",false,INTENTIONAL_REGISTRY_OR_PAGE_POLICY,false,deindexedRegistry: German zero-impression cohort under review on 2026-09-14
https://worthcalc.win/de/how-much-home-can-you-afford/,,"noindex,follow",false,INTENTIONAL_REGISTRY_OR_PAGE_POLICY,false,deindexedRegistry: German zero-impression cohort under review on 2026-09-14
https://worthcalc.win/de/how-to-calculate-dti/,,"noindex,follow",false,INTENTIONAL_REGISTRY_OR_PAGE_POLICY,false,deindexedRegistry: German zero-impression cohort under review on 2026-09-14
https://worthcalc.win/de/is-an-extended-warranty-worth-it/,,"noindex,follow",false,INTENTIONAL_REGISTRY_OR_PAGE_POLICY,false,deindexedRegistry: German zero-impression cohort under review on 2026-09-14
https://worthcalc.win/de/meal-prep-vs-takeout-cost/,,"noindex,follow",false,INTENTIONAL_REGISTRY_OR_PAGE_POLICY,false,deindexedRegistry: German zero-impression cohort under review on 2026-09-14
https://worthcalc.win/de/paid-membership-break-even/,,"noindex,follow",false,INTENTIONAL_REGISTRY_OR_PAGE_POLICY,false,deindexedRegistry: German zero-impression cohort under review on 2026-09-14
https://worthcalc.win/de/pay-raise-vs-inflation-purchasing-power/,,"noindex,follow",false,INTENTIONAL_REGISTRY_OR_PAGE_POLICY,false,deindexedRegistry: German zero-impression cohort under review on 2026-09-14
https://worthcalc.win/de/price-per-wear-clothing-shoes/,,"noindex,follow",false,INTENTIONAL_REGISTRY_OR_PAGE_POLICY,false,deindexedRegistry: German zero-impression cohort under review on 2026-09-14
https://worthcalc.win/de/privacy/,src/pages/[locale]/[legal].astro,"noindex,follow",false,INTENTIONAL_REGISTRY_OR_PAGE_POLICY,false,deindexedRegistry: German zero-impression cohort under review on 2026-09-14
https://worthcalc.win/de/rent-vs-buy-breakeven-year/,,"noindex,follow",false,INTENTIONAL_REGISTRY_OR_PAGE_POLICY,false,deindexedRegistry: German zero-impression cohort under review on 2026-09-14
https://worthcalc.win/de/rent-vs-buy-guide/,,"noindex,follow",false,INTENTIONAL_REGISTRY_OR_PAGE_POLICY,false,deindexedRegistry: German zero-impression cohort under review on 2026-09-14
https://worthcalc.win/de/repair-or-replace-decision-formula/,,"noindex,follow",false,INTENTIONAL_REGISTRY_OR_PAGE_POLICY,false,deindexedRegistry: German zero-impression cohort under review on 2026-09-14
https://worthcalc.win/de/reusable-vs-disposable-break-even/,,"noindex,follow",false,INTENTIONAL_REGISTRY_OR_PAGE_POLICY,false,deindexedRegistry: German zero-impression cohort under review on 2026-09-14
https://worthcalc.win/de/snowball-vs-avalanche/,,"noindex,follow",false,INTENTIONAL_REGISTRY_OR_PAGE_POLICY,false,deindexedRegistry: German zero-impression cohort under review on 2026-09-14
https://worthcalc.win/de/subscription-creep/,,"noindex,follow",false,INTENTIONAL_REGISTRY_OR_PAGE_POLICY,false,deindexedRegistry: German zero-impression cohort under review on 2026-09-14
https://worthcalc.win/de/tools/budget-builder/,src/content/growth-tools/de/budget-builder.md,"noindex,follow",false,INTENTIONAL_REGISTRY_OR_PAGE_POLICY,false,deindexedRegistry: German zero-impression cohort under review on 2026-09-14
https://worthcalc.win/de/tools/car-affordability/,src/content/growth-tools/de/car-affordability.md,"noindex,follow",false,INTENTIONAL_REGISTRY_OR_PAGE_POLICY,false,deindexedRegistry: German zero-impression cohort under review on 2026-09-14
https://worthcalc.win/de/tools/cashback-breakeven/,src/pages/[locale]/tools/[tool].astro,"noindex,follow",false,INTENTIONAL_REGISTRY_OR_PAGE_POLICY,false,deindexedRegistry: German zero-impression cohort under review on 2026-09-14
https://worthcalc.win/de/tools/compound-growth/,src/content/growth-tools/de/compound-growth.md,"noindex,follow",false,INTENTIONAL_REGISTRY_OR_PAGE_POLICY,false,deindexedRegistry: German zero-impression cohort under review on 2026-09-14
https://worthcalc.win/de/tools/costco-membership/,src/pages/[locale]/tools/[tool].astro,"noindex,follow",false,INTENTIONAL_REGISTRY_OR_PAGE_POLICY,false,deindexedRegistry: German zero-impression cohort under review on 2026-09-14
https://worthcalc.win/de/tools/credit-card-payoff/,src/content/growth-tools/de/credit-card-payoff.md,"noindex,follow",false,INTENTIONAL_REGISTRY_OR_PAGE_POLICY,false,deindexedRegistry: German zero-impression cohort under review on 2026-09-14
https://worthcalc.win/de/tools/debt-strategy/,src/content/growth-tools/de/debt-strategy.md,"noindex,follow",false,INTENTIONAL_REGISTRY_OR_PAGE_POLICY,false,deindexedRegistry: German zero-impression cohort under review on 2026-09-14
https://worthcalc.win/de/tools/dti-calculator/,src/content/growth-tools/de/dti-calculator.md,"noindex,follow",false,INTENTIONAL_REGISTRY_OR_PAGE_POLICY,false,deindexedRegistry: German zero-impression cohort under review on 2026-09-14
https://worthcalc.win/de/tools/home-affordability/,src/content/growth-tools/de/home-affordability.md,"noindex,follow",false,INTENTIONAL_REGISTRY_OR_PAGE_POLICY,false,deindexedRegistry: German zero-impression cohort under review on 2026-09-14
https://worthcalc.win/de/tools/latte-factor/,src/pages/[locale]/tools/[tool].astro,"noindex,follow",false,INTENTIONAL_REGISTRY_OR_PAGE_POLICY,false,deindexedRegistry: German zero-impression cohort under review on 2026-09-14
https://worthcalc.win/de/tools/mortgage-payoff/,src/content/growth-tools/de/mortgage-payoff.md,"noindex,follow",false,INTENTIONAL_REGISTRY_OR_PAGE_POLICY,false,deindexedRegistry: German zero-impression cohort under review on 2026-09-14
https://worthcalc.win/de/tools/salary-converter/,src/content/growth-tools/de/salary-converter.md,"noindex,follow",false,INTENTIONAL_REGISTRY_OR_PAGE_POLICY,false,deindexedRegistry: German zero-impression cohort under review on 2026-09-14
https://worthcalc.win/de/tools/subscription-audit/,src/pages/[locale]/tools/[tool].astro,"noindex,follow",false,INTENTIONAL_REGISTRY_OR_PAGE_POLICY,false,deindexedRegistry: German zero-impression cohort under review on 2026-09-14
https://worthcalc.win/de/true-hourly-wage-after-commuting-work-expenses/,,"noindex,follow",false,INTENTIONAL_REGISTRY_OR_PAGE_POLICY,false,deindexedRegistry: German zero-impression cohort under review on 2026-09-14
https://worthcalc.win/de/upfront-fees-financing-cost/,,"noindex,follow",false,INTENTIONAL_REGISTRY_OR_PAGE_POLICY,false,deindexedRegistry: German zero-impression cohort under review on 2026-09-14
https://worthcalc.win/de/upgrade-your-phone-or-keep-it/,,"noindex,follow",false,INTENTIONAL_REGISTRY_OR_PAGE_POLICY,false,deindexedRegistry: German zero-impression cohort under review on 2026-09-14
https://worthcalc.win/de/work-from-home-vs-commuting-hidden-costs/,,"noindex,follow",false,INTENTIONAL_REGISTRY_OR_PAGE_POLICY,false,deindexedRegistry: German zero-impression cohort under review on 2026-09-14