熱門查詢項目,點擊,曝光,點閱率,排名
costco membership calculator,1,11,9.09%,13.18
costco executive membership,1,4,25%,7.25
commute cost calculator,0,44,0%,60.93
latte factor calculator,0,9,0%,12
costco executive membership calculator,0,8,0%,10.5
annual cost savings calculator,0,6,0%,97.5
upfront cost,0,5,0%,62.4
commuting cost calculator,0,4,0%,55.75
calculate commuting costs,0,4,0%,59.75
calcular subida ipc nomina,0,4,0%,68.25
車馬費行情,0,4,0%,75.75
upfront purchase,0,4,0%,81
充電樁一度電多少錢,0,4,0%,92.25
costco calculator membership,0,3,0%,10
costco calculator,0,3,0%,17
audit cost calculator,0,3,0%,21.67
costco rewards calculator,0,3,0%,23.33
upfront payment,0,3,0%,69.33
commute calculator cost,0,3,0%,70
commuting costs,0,3,0%,78
充電樁電費,0,3,0%,81.33
家用充電樁電費,0,3,0%,83
maintenance savings calculator,0,3,0%,86.33
cost vs value calculator,0,3,0%,92
"a few times a week, scott treats himself to a small latte from his favorite 
coffee shop. each latte costs $3.55. if scott bought 15 lattes last month, 
how much did he spend?",0,2,0%,7.5
does annual fee count towards minimum spend,0,2,0%,20
is it worth it calculator,0,2,0%,46
neuwagen wertverlust rechner,0,2,0%,49.5
should you pay upfront fee on a loan,0,2,0%,59.5
commuter cost calculator,0,2,0%,64.5
is costco executive worth it,0,2,0%,65
calculate commute cost,0,2,0%,66
cost of commuting per mile,0,2,0%,69
paying an extra mortgage payment,0,2,0%,70
cost of commute calculator,0,2,0%,74
elektroauto gesamtkosten rechner,0,2,0%,86.5
taux d'effort calcul,0,2,0%,90.5
what am i worth calculator,0,2,0%,90.5
cost upfront,0,2,0%,91
billed annually,0,2,0%,95.5
recurring costs calculator,0,2,0%,98
7 a day,0,1,0%,2
交通費,0,1,0%,2
"you're pleased to learn that your annual salary review has resulted in a 
\[4\%\] raise. however, the inflation rate has also been \[4\%\] over the 
same timeframe. how does this affect your purchasing power? choose 1 
answer: a it increases your purchasing power. b it decreases your 
purchasing power. c it leaves your purchasing power unchanged.",0,1,0%,5
"quel est le coût total de possession sur cinq ans d'une voiture électrique 
au luxembourg, assurance et recharge comprises ?",0,1,0%,8
通勤費計算,0,1,0%,9
calculator+costco,0,1,0%,10
carte costco prix france,0,1,0%,10
costco executive reward break even 3250,0,1,0%,10
costco+calculus,0,1,0%,10
weekly groceries,0,1,0%,14
coûts voiture électrique vs voiture essence calculateur,0,1,0%,16
jährliche prozentsatz-kreditkarte,0,1,0%,17
electric car charging cost per mile,0,1,0%,20
"jährliche pendelkosten auto berechnen pendlerkosten deutschland wie 
berechnen pendelkosten auto",0,1,0%,20
upfront costs,0,1,0%,20
what is commuting cost,0,1,0%,20
total cost of ownership electric car vs gas,0,1,0%,21
upfront charge,0,1,0%,24
audit fee calculator,0,1,0%,32
costco executive membership break even,0,1,0%,36
what is upfront cost,0,1,0%,36
how much to make costco executive worth it,0,1,0%,39
costco membership executive how much to break even,0,1,0%,41
信用卡回饋計算機,0,1,0%,43
should i rent or buy,0,1,0%,44
commute gas cost calculator,0,1,0%,46
up-front cost,0,1,0%,48
gas vs electric vehicle calculator,0,1,0%,50
installment price,0,1,0%,50
cost of commuting calculator,0,1,0%,51
cost to commute calculator,0,1,0%,52
commute calculator,0,1,0%,55
high upfront costs,0,1,0%,56
is it better to pay bills monthly or yearly,0,1,0%,57
average cost of transportation per month,0,1,0%,58
cost to commute,0,1,0%,59
what percent of costco members are executive,0,1,0%,61
commuting calculator,0,1,0%,64
how much does worthpoint cost per month,0,1,0%,64
member cost,0,1,0%,64
commuting cost,0,1,0%,65
transportation cost calculator,0,1,0%,66
kilometergeld rechner,0,1,0%,68
what is the costco executive membership,0,1,0%,68
how much will a,0,1,0%,69
reembolso o cashback es un tipo de bono que devuelve,0,1,0%,69
up front fee,0,1,0%,70
how much should i pay for,0,1,0%,74
calculating worth,0,1,0%,75
member cost burden index,0,1,0%,75
upfront fee meaning,0,1,0%,75
commute expense calculator,0,1,0%,76
how much should this cost,0,1,0%,77
how much would,0,1,0%,79
annual billing,0,1,0%,80
how much this will cost,0,1,0%,81
cost of commute,0,1,0%,82
how much would that be worth,0,1,0%,82
gas or electric car calculator,0,1,0%,83
how much does my commute cost,0,1,0%,83
installment 0%,0,1,0%,83
making double payments on mortgage,0,1,0%,83
total cost of ownership ev vs gas,0,1,0%,84
true cost of commuting,0,1,0%,85
calcul taux effort,0,1,0%,86
how do i know how much to pay,0,1,0%,86
double mortgage payment,0,1,0%,87
how much would you pay for,0,1,0%,87
maintenance fee calculator,0,1,0%,87
calcul taux d'effort,0,1,0%,88
how much my,0,1,0%,88
true value calculator,0,1,0%,88
worth cost,0,1,0%,90
how much would it take,0,1,0%,92
0 kosten,0,1,0%,93
simulateur tco voiture,0,1,0%,93
零卡0利率,0,1,0%,93
how much would this cost,0,1,0%,94
mieten oder kaufen rechner,0,1,0%,94
elektroauto unterhaltskosten,0,1,0%,95
what does billed annually mean,0,1,0%,95
make extra mortgage payments,0,1,0%,96
simulador alquiler,0,1,0%,96
分期 0 利率,0,1,0%,96
effektiver jahreszins rechner,0,1,0%,98
cost of calculator,0,1,0%,99
paiement mensuel,0,1,0%,100
true cost calculator,0,1,0%,100
kfz steuerklassen,0,1,0%,105