熱門網頁,點擊,曝光,點閱率,排名
https://worthcalc.win/en/tools/costco-membership/,3,196,1.53%,10.32
https://worthcalc.win/,2,116,1.72%,47.04
https://worthcalc.win/es/is-costco-executive-membership-worth-it/,1,13,7.69%,6.46
https://worthcalc.win/en/tools/costco-membership,1,12,8.33%,9.58
https://worthcalc.win/zh/,1,10,10%,2.5
https://worthcalc.win/zh/tools/latte-factor/,1,6,16.67%,8.33
https://worthcalc.win/fr/tools/installment-true-apr/,1,2,50%,6
https://worthcalc.win/en/tools/commute-cost/,0,175,0%,32.86
https://worthcalc.win/en/tools/latte-factor/,0,36,0%,9.72
https://worthcalc.win/en/tools/ev-vs-gas/,0,31,0%,13.03
https://worthcalc.win/en/tools/installment-true-apr/,0,21,0%,14.24
https://worthcalc.win/en/annual-fee-card-breakeven,0,20,0%,8.05
https://worthcalc.win/en/contact/,0,19,0%,3.21
https://worthcalc.win/en/tools/subscription-audit/,0,19,0%,11.68
https://worthcalc.win/en/is-costco-executive-membership-worth-it/,0,18,0%,23.89
https://worthcalc.win/en/tools/commute-cost,0,18,0%,35.67
https://worthcalc.win/en/upfront-fees-financing-cost,0,18,0%,54.72
https://worthcalc.win/en/about/,0,15,0%,4.13
https://worthcalc.win/en/upfront-fees-financing-cost/,0,14,0%,52.36
https://worthcalc.win/zh/home-vs-public-ev-charging-cost/,0,14,0%,87.79
https://worthcalc.win/en/changelog/,0,13,0%,3.69
https://worthcalc.win/en/annual-fee-card-breakeven/,0,11,0%,7.45
https://worthcalc.win/en/tools/rent-vs-buy/,0,10,0%,5.1
https://worthcalc.win/en/tools/debt-strategy/,0,10,0%,6.9
https://worthcalc.win/zh/tools/ev-vs-gas/,0,10,0%,8.7
https://worthcalc.win/en/ev-vs-gas-total-cost/,0,10,0%,14.4
https://worthcalc.win/en/privacy/,0,9,0%,5.89
https://worthcalc.win/zh/tools/cashback-breakeven,0,9,0%,11.11
https://worthcalc.win/zh/about/,0,8,0%,4.12
https://worthcalc.win/en/tools/budget-builder/,0,8,0%,4.75
https://worthcalc.win/zh/contact/,0,8,0%,6.12
https://worthcalc.win/zh/changelog/,0,8,0%,6.5
https://worthcalc.win/zh/disclaimer/,0,8,0%,6.5
https://worthcalc.win/zh/tools/cashback-breakeven/,0,8,0%,7
https://worthcalc.win/zh/tools/commute-cost/,0,8,0%,40.88
https://worthcalc.win/en/terms/,0,7,0%,5
https://worthcalc.win/zh/privacy/,0,7,0%,6.14
https://worthcalc.win/en/rent-vs-buy-guide/,0,7,0%,13
https://worthcalc.win/es/tools/dti-calculator/,0,7,0%,23.57
https://worthcalc.win/en/monthly-vs-annual-subscription/,0,7,0%,70
https://worthcalc.win/en/tools/compound-growth/,0,6,0%,1.67
https://worthcalc.win/en/contact,0,6,0%,3.33
https://worthcalc.win/zh/tools/subscription-audit/,0,6,0%,4.67
https://worthcalc.win/en/pay-raise-vs-inflation-purchasing-power/,0,6,0%,23.17
https://worthcalc.win/en/extra-mortgage-payments-guide/,0,6,0%,67.83
https://worthcalc.win/es/tools/latte-factor/,0,5,0%,2.8
https://worthcalc.win/zh/pay-raise-vs-inflation-purchasing-power/,0,5,0%,4.2
https://worthcalc.win/en/tools/car-affordability/,0,5,0%,4.6
https://worthcalc.win/zh/tools/costco-membership/,0,5,0%,6.8
https://worthcalc.win/en/costco-math/,0,5,0%,7.4
https://worthcalc.win/fr/is-costco-executive-membership-worth-it/,0,5,0%,10.8
https://worthcalc.win/en/zero-interest-installments-truth/,0,5,0%,22.4
https://worthcalc.win/fr/tools/dti-calculator/,0,5,0%,72.2
https://worthcalc.win/en/disclaimer/,0,4,0%,1.75
https://worthcalc.win/es/,0,4,0%,2.75
https://worthcalc.win/zh/changelog,0,4,0%,3.5
https://worthcalc.win/de/tools/mortgage-payoff/,0,4,0%,5.75
https://worthcalc.win/en/tools/credit-card-payoff/,0,4,0%,7
https://worthcalc.win/en/subscription-creep/,0,4,0%,8
https://worthcalc.win/fr/zero-interest-installments-truth/,0,4,0%,9
https://worthcalc.win/en/pay-raise-vs-inflation-purchasing-power,0,4,0%,14.75
https://worthcalc.win/fr/monthly-vs-annual-subscription/,0,4,0%,29.25
https://worthcalc.win/es/tools/debt-strategy/,0,3,0%,1.67
https://worthcalc.win/de/,0,3,0%,2.67
https://worthcalc.win/en/true-hourly-wage-after-commuting-work-expenses,0,3,0%,3
https://worthcalc.win/es/tools/compound-growth/,0,3,0%,3
https://worthcalc.win/es/ev-vs-gas-total-cost/,0,3,0%,3.33
https://worthcalc.win/es/tools/ev-vs-gas/,0,3,0%,6.33
https://worthcalc.win/en/tools/dti-calculator/,0,3,0%,6.67
https://worthcalc.win/es/tools/budget-builder/,0,3,0%,7
https://worthcalc.win/zh/privacy,0,3,0%,7.33
https://worthcalc.win/en/zero-interest-installments-truth,0,3,0%,8
https://worthcalc.win/fr/ev-vs-gas-total-cost/,0,3,0%,22.67
https://worthcalc.win/zh/is-costco-executive-membership-worth-it/,0,3,0%,28.33
https://worthcalc.win/de/zero-interest-installments-truth/,0,3,0%,35.67
https://worthcalc.win/es/tools/rent-vs-buy/,0,3,0%,35.67
https://worthcalc.win/en/full-commute-cost-including-time/,0,3,0%,57.67
https://worthcalc.win/en/bnpl-vs-credit-card-installments/,0,3,0%,86.67
https://worthcalc.win/zh/snowball-vs-avalanche/,0,2,0%,1
https://worthcalc.win/en/terms,0,2,0%,3
https://worthcalc.win/zh/tools/budget-builder/,0,2,0%,3.5
https://worthcalc.win/es/tools/subscription-audit/,0,2,0%,4
https://worthcalc.win/fr/,0,2,0%,4
https://worthcalc.win/en/tools/credit-card-payoff,0,2,0%,5
https://worthcalc.win/fr/privacy/,0,2,0%,5.5
https://worthcalc.win/zh/cashback-caps-real-reward-rate/,0,2,0%,5.5
https://worthcalc.win/en/true-hourly-wage-after-commuting-work-expenses/,0,2,0%,6
https://worthcalc.win/es/tools/cashback-breakeven/,0,2,0%,7
https://worthcalc.win/de/is-costco-executive-membership-worth-it/,0,2,0%,7.5
https://worthcalc.win/es/tools/commute-cost,0,2,0%,7.5
https://worthcalc.win/zh/ev-vs-gas-total-cost/,0,2,0%,7.5
https://worthcalc.win/de,0,2,0%,8
https://worthcalc.win/en/tools/dti-calculator,0,2,0%,8
https://worthcalc.win/es/tools/ev-vs-gas,0,2,0%,9
https://worthcalc.win/en/subscription-creep,0,2,0%,9.5
https://worthcalc.win/es/tools/installment-true-apr,0,2,0%,9.5
https://worthcalc.win/en/full-commute-cost-including-time,0,2,0%,12
https://worthcalc.win/fr/tools/ev-vs-gas/,0,2,0%,14.5
https://worthcalc.win/zh/subscription-creep/,0,2,0%,15
https://worthcalc.win/de/tools/commute-cost/,0,2,0%,38
https://worthcalc.win/en/tools/subscription-audit,0,2,0%,46
https://worthcalc.win/en/true-cost-of-car-ownership/,0,2,0%,49.5
https://worthcalc.win/de/true-cost-of-car-ownership/,0,2,0%,53.5
https://worthcalc.win/es/pay-raise-vs-inflation-purchasing-power/,0,2,0%,67.5
https://worthcalc.win/es/pay-raise-vs-inflation-purchasing-power,0,2,0%,69
https://worthcalc.win/zh/zero-interest-installments-truth/,0,2,0%,94.5
https://worthcalc.win/en/tools/salary-converter,0,1,0%,1
https://worthcalc.win/es/tools/cashback-breakeven,0,1,0%,1
https://worthcalc.win/fr/tools/debt-strategy,0,1,0%,1
https://worthcalc.win/es/monthly-vs-annual-subscription/,0,1,0%,2
https://worthcalc.win/es/zero-interest-installments-truth/,0,1,0%,2
https://worthcalc.win/fr/upfront-fees-financing-cost/,0,1,0%,2
https://worthcalc.win/en/tools/rent-vs-buy,0,1,0%,3
https://worthcalc.win/es/tools/commute-cost/,0,1,0%,3
https://worthcalc.win/zh/tools/installment-true-apr/,0,1,0%,3
https://worthcalc.win/de/cashback-caps-real-reward-rate/,0,1,0%,4
https://worthcalc.win/de/monthly-vs-annual-subscription/,0,1,0%,4
https://worthcalc.win/en/ev-vs-gas-total-cost,0,1,0%,4
https://worthcalc.win/en/privacy,0,1,0%,4
https://worthcalc.win/es/how-compound-growth-works/,0,1,0%,4
https://worthcalc.win/es/tools/credit-card-payoff/,0,1,0%,4
https://worthcalc.win/zh/tools/credit-card-payoff/,0,1,0%,4
https://worthcalc.win/es/tools/credit-card-payoff,0,1,0%,5
https://worthcalc.win/zh/terms,0,1,0%,5
https://worthcalc.win/zh/tools/rent-vs-buy/,0,1,0%,5
https://worthcalc.win/zh/pay-raise-vs-inflation-purchasing-power,0,1,0%,6
https://worthcalc.win/en/credit-card-minimum-payment-trap/,0,1,0%,7
https://worthcalc.win/es/tools/installment-true-apr/,0,1,0%,7
https://worthcalc.win/zh/cashback-caps-real-reward-rate,0,1,0%,7
https://worthcalc.win/en/tools/salary-converter/,0,1,0%,8
https://worthcalc.win/es/tools/rent-vs-buy,0,1,0%,8
https://worthcalc.win/fr,0,1,0%,8
https://worthcalc.win/fr/disclaimer/,0,1,0%,8
https://worthcalc.win/zh/terms/,0,1,0%,8
https://worthcalc.win/zh/tools/car-affordability/,0,1,0%,8
https://worthcalc.win/zh/tools/installment-true-apr,0,1,0%,8
https://worthcalc.win/zh/tools/commute-cost,0,1,0%,9
https://worthcalc.win/de/tools/commute-cost,0,1,0%,10
https://worthcalc.win/es/changelog/,0,1,0%,10
https://worthcalc.win/fr/tools/cashback-breakeven/,0,1,0%,10
https://worthcalc.win/fr/tools/credit-card-payoff/,0,1,0%,10
https://worthcalc.win/zh/tools/mortgage-payoff,0,1,0%,10
https://worthcalc.win/de/ev-vs-gas-total-cost/,0,1,0%,11
https://worthcalc.win/de/terms/,0,1,0%,11
https://worthcalc.win/en/work-from-home-vs-commuting-hidden-costs/,0,1,0%,11
https://worthcalc.win/fr/pay-raise-vs-inflation-purchasing-power/,0,1,0%,11
https://worthcalc.win/zh/ev-vs-gas-total-cost,0,1,0%,11
https://worthcalc.win/fr/tools/commute-cost/,0,1,0%,12
https://worthcalc.win/de/annual-fee-card-breakeven/,0,1,0%,17
https://worthcalc.win/de/full-commute-cost-including-time,0,1,0%,20
https://worthcalc.win/en/home-vs-public-ev-charging-cost/,0,1,0%,20
https://worthcalc.win/de/new-vs-used-car-total-cost,0,1,0%,29
https://worthcalc.win/es/cashback-caps-real-reward-rate/,0,1,0%,69
https://worthcalc.win/de/new-vs-used-car-total-cost/,0,1,0%,70
https://worthcalc.win/zh/upfront-fees-financing-cost/,0,1,0%,76
https://worthcalc.win/de/tools/ev-vs-gas,0,1,0%,85
https://worthcalc.win/de/tools/ev-vs-gas/,0,1,0%,88
https://worthcalc.win/fr/tools/ev-vs-gas,0,1,0%,93
https://worthcalc.win/de/tools/rent-vs-buy,0,1,0%,94
https://worthcalc.win/de/ev-vs-gas-total-cost,0,1,0%,95
https://worthcalc.win/de/tools/installment-true-apr/,0,1,0%,98